{"train_time": 90394.33529806137, "train_auc": 0.5588855328806593, "train_ratios": null, "test_auc": 0.8905563005703077, "test_time": 0.19515514373779297, "test_scores": null, "test_raios": null, "validation_auc": 0.8842276613900726, "validation_time": null, "validation_scores": null, "validation_raios": null}{"train_time": 13272.908739805222, "train_auc": 0.5590617175640128, "train_ratios": null, "test_auc": 0.8890861842967275, "test_time": 0.1821439266204834, "test_scores": null, "test_raios": null, "validation_auc": 0.8841327734761049, "validation_time": null, "validation_scores": null, "validation_raios": null}{"train_time": 1202.9816541671753, "train_auc": 0.5603888446855166, "train_ratios": null, "test_auc": 0.8912249439426498, "test_time": 0.18404197692871094, "test_scores": null, "test_raios": null, "validation_auc": 0.8830664092474249, "validation_time": null, "validation_scores": null, "validation_raios": null}{"train_time": 61.445029973983765, "train_auc": 0.868653771966312, "train_ratios": null, "test_auc": 0.8640035132986017, "test_time": 0.17859792709350586, "test_scores": null, "test_raios": null, "validation_auc": 0.8562618227419374, "validation_time": null, "validation_scores": null, "validation_raios": null}{"train_time": 61.968403339385986, "train_auc": 0.8879602403012632, "train_ratios": null, "test_auc": 0.86004841328656, "test_time": 0.1791691780090332, "test_scores": null, "test_raios": null, "validation_auc": 0.8566659750666394, "validation_time": null, "validation_scores": null, "validation_raios": null}{"train_time": 62.097413778305054, "train_auc": 0.8993073718665461, "train_ratios": null, "test_auc": 0.8578938987005091, "test_time": 0.17630696296691895, "test_scores": null, "test_raios": null, "validation_auc": 0.8480472347741389, "validation_time": null, "validation_scores": null, "validation_raios": null}{"train_time": 61.86697721481323, "train_auc": 0.8875627177234141, "train_ratios": null, "test_auc": 0.8677610002105963, "test_time": 0.17733097076416016, "test_scores": null, "test_raios": null, "validation_auc": 0.859805864910134, "validation_time": null, "validation_scores": null, "validation_raios": null}{"train_time": 62.31872582435608, "train_auc": 0.8787960884642919, "train_ratios": null, "test_auc": 0.8660496901263207, "test_time": 0.17985296249389648, "test_scores": null, "test_raios": null, "validation_auc": 0.85992335265982, "validation_time": null, "validation_scores": null, "validation_raios": null}{"train_time": 61.84844088554382, "train_auc": 0.8711058660276236, "train_ratios": null, "test_auc": 0.8513841749318214, "test_time": 0.1752760410308838, "test_scores": null, "test_raios": null, "validation_auc": 0.8455866517185986, "validation_time": null, "validation_scores": null, "validation_raios": null}{"train_time": 62.34877610206604, "train_auc": 0.8754324699168239, "train_ratios": null, "test_auc": 0.865044100570626, "test_time": 0.17843031883239746, "test_scores": null, "test_raios": null, "validation_auc": 0.8591629163462319, "validation_time": null, "validation_scores": null, "validation_raios": null}