{"train_time": 93.68720316886902, "train_auc": 0.9263350407448238, "train_ratios": null, "test_auc": 0.84379954252322, "test_time": 0.17948603630065918, "test_scores": null, "test_raios": null, "validation_auc": 0.8406420982098292, "validation_time": null, "validation_scores": null, "validation_raios": null}{"train_time": 94.01016688346863, "train_auc": 0.929898945320904, "train_ratios": null, "test_auc": 0.8414974009653483, "test_time": 0.1817779541015625, "test_scores": null, "test_raios": null, "validation_auc": 0.8417203184389757, "validation_time": null, "validation_scores": null, "validation_raios": null}{"train_time": 93.42877578735352, "train_auc": 0.930115165392782, "train_ratios": null, "test_auc": 0.8510999441415757, "test_time": 0.17489981651306152, "test_scores": null, "test_raios": null, "validation_auc": 0.8505794886296273, "validation_time": null, "validation_scores": null, "validation_raios": null}{"train_time": 93.85262894630432, "train_auc": 0.923813994992285, "train_ratios": null, "test_auc": 0.8510035233775197, "test_time": 0.17660808563232422, "test_scores": null, "test_raios": null, "validation_auc": 0.8441927149240652, "validation_time": null, "validation_scores": null, "validation_raios": null}