{"train_time": 27.92899799346924, "train_auc": 0.8381095032568938, "train_ratios": null, "test_auc": 0.8622864131412115, "test_time": 0.18604302406311035, "test_scores": null, "test_raios": null, "validation_auc": 0.8544757519247907, "validation_time": null, "validation_scores": null, "validation_raios": null}{"train_time": 29.15055274963379, "train_auc": 0.8262365503622819, "train_ratios": null, "test_auc": 0.8484984030219778, "test_time": 0.2082047462463379, "test_scores": null, "test_raios": null, "validation_auc": 0.8441054950965754, "validation_time": null, "validation_scores": null, "validation_raios": null}{"train_time": 28.386432886123657, "train_auc": 0.8311887676715008, "train_ratios": null, "test_auc": 0.8608214265063873, "test_time": 0.1874101161956787, "test_scores": null, "test_raios": null, "validation_auc": 0.8528190355005265, "validation_time": null, "validation_scores": null, "validation_raios": null}