{"train_time": 30.98361587524414, "train_auc": 0.8736583606901123, "train_ratios": null, "test_auc": 0.7975958571403563, "test_time": 0.18926000595092773, "test_scores": null, "test_raios": null, "validation_auc": 0.7933201893852397, "validation_time": null, "validation_scores": null, "validation_raios": null}{"train_time": 30.476948976516724, "train_auc": 0.7450970129714771, "train_ratios": null, "test_auc": 0.7332559387371541, "test_time": 0.18622279167175293, "test_scores": null, "test_raios": null, "validation_auc": 0.7366555419990835, "validation_time": null, "validation_scores": null, "validation_raios": null}{"train_time": 30.27227807044983, "train_auc": 0.7826123048720603, "train_ratios": null, "test_auc": 0.7685325705537517, "test_time": 0.188798189163208, "test_scores": null, "test_raios": null, "validation_auc": 0.7613311702340739, "validation_time": null, "validation_scores": null, "validation_raios": null}{"train_time": 31.306626081466675, "train_auc": 0.7152384510005567, "train_ratios": null, "test_auc": 0.7371904565378492, "test_time": 0.19628381729125977, "test_scores": null, "test_raios": null, "validation_auc": 0.7268136620929182, "validation_time": null, "validation_scores": null, "validation_raios": null}{"train_time": 30.936223030090332, "train_auc": 0.8132430816671035, "train_ratios": null, "test_auc": 0.7736883853202152, "test_time": 0.18557071685791016, "test_scores": null, "test_raios": null, "validation_auc": 0.7579475352822441, "validation_time": null, "validation_scores": null, "validation_raios": null}{"train_time": 30.124165296554565, "train_auc": 0.8104003003398452, "train_ratios": null, "test_auc": 0.7967371598564126, "test_time": 0.1809689998626709, "test_scores": null, "test_raios": null, "validation_auc": 0.7882605187947407, "validation_time": null, "validation_scores": null, "validation_raios": null}{"train_time": 30.723923206329346, "train_auc": 0.6867860981462892, "train_ratios": null, "test_auc": 0.7013403608146523, "test_time": 0.18587589263916016, "test_scores": null, "test_raios": null, "validation_auc": 0.6935932578735444, "validation_time": null, "validation_scores": null, "validation_raios": null}{"train_time": 30.78477120399475, "train_auc": 0.7558597030074921, "train_ratios": null, "test_auc": 0.7473100243326297, "test_time": 0.18690919876098633, "test_scores": null, "test_raios": null, "validation_auc": 0.733599503559248, "validation_time": null, "validation_scores": null, "validation_raios": null}{"train_time": 30.581073999404907, "train_auc": 0.7251631630754676, "train_ratios": null, "test_auc": 0.6837448007371402, "test_time": 0.19264602661132812, "test_scores": null, "test_raios": null, "validation_auc": 0.6877608852239113, "validation_time": null, "validation_scores": null, "validation_raios": null}{"train_time": 30.484354972839355, "train_auc": 0.7793875181836809, "train_ratios": null, "test_auc": 0.6860026003608253, "test_time": 0.18361401557922363, "test_scores": null, "test_raios": null, "validation_auc": 0.6814472563363085, "validation_time": null, "validation_scores": null, "validation_raios": null}