{"train_time": 28.42910408973694, "train_auc": 0.8477048710200392, "train_ratios": null, "test_auc": 0.8601000438698164, "test_time": 0.19492197036743164, "test_scores": null, "test_raios": null, "validation_auc": 0.854329001990829, "validation_time": null, "validation_scores": null, "validation_raios": null}{"train_time": 28.25607967376709, "train_auc": 0.8478407240350898, "train_ratios": null, "test_auc": 0.8551100273032581, "test_time": 0.19017791748046875, "test_scores": null, "test_raios": null, "validation_auc": 0.8525565778133577, "validation_time": null, "validation_scores": null, "validation_raios": null}{"train_time": 28.93914270401001, "train_auc": 0.840738713322542, "train_ratios": null, "test_auc": 0.8663890287265075, "test_time": 0.2027897834777832, "test_scores": null, "test_raios": null, "validation_auc": 0.855445924505161, "validation_time": null, "validation_scores": null, "validation_raios": null}