{"train_time": 556.6809868812561, "train_auc": 0.9308914794780377, "train_ratios": null, "test_auc": 0.8795910638191777, "test_time": 0.18430066108703613, "test_scores": null, "test_raios": null, "validation_auc": 0.8715759466228811, "validation_time": null, "validation_scores": null, "validation_raios": null}{"train_time": 684.6561689376831, "train_auc": 0.9251400176065911, "train_ratios": null, "test_auc": 0.8729645413057927, "test_time": 0.19274210929870605, "test_scores": null, "test_raios": null, "validation_auc": 0.872453325246278, "validation_time": null, "validation_scores": null, "validation_raios": null}{"train_time": 2412.973675966263, "train_auc": 0.9262289693406629, "train_ratios": null, "test_auc": 0.876980828306694, "test_time": 0.1799783706665039, "test_scores": null, "test_raios": null, "validation_auc": 0.8729960326033628, "validation_time": null, "validation_scores": null, "validation_raios": null}