{"train_time": 3794.903506040573, "train_auc": 0.9284006956205468, "train_ratios": null, "test_auc": 0.8667936734101701, "test_time": 0.1922013759613037, "test_scores": null, "test_raios": null, "validation_auc": 0.8642206765668173, "validation_time": null, "validation_scores": null, "validation_raios": null}{"train_time": 503.769722700119, "train_auc": 0.9247589080123936, "train_ratios": null, "test_auc": 0.8712748743715928, "test_time": 0.19324111938476562, "test_scores": null, "test_raios": null, "validation_auc": 0.8705990105880257, "validation_time": null, "validation_scores": null, "validation_raios": null}{"train_time": 34070.641743183136, "train_auc": 0.9266456911066603, "train_ratios": null, "test_auc": 0.8727088020251199, "test_time": 0.19454312324523926, "test_scores": null, "test_raios": null, "validation_auc": 0.8689120714731645, "validation_time": null, "validation_scores": null, "validation_raios": null}