{"train_time": 28.31515121459961, "train_auc": 0.8801558667798527, "train_ratios": null, "test_auc": 0.8539721572544603, "test_time": 0.1845400333404541, "test_scores": null, "test_raios": null, "validation_auc": 0.8479176701873524, "validation_time": null, "validation_scores": null, "validation_raios": null}{"train_time": 37.97456502914429, "train_auc": 0.8988075874472586, "train_ratios": null, "test_auc": 0.8534223761526437, "test_time": 0.22276926040649414, "test_scores": null, "test_raios": null, "validation_auc": 0.8497728069964452, "validation_time": null, "validation_scores": null, "validation_raios": null}{"train_time": 39.04182410240173, "train_auc": 0.8983364793160541, "train_ratios": null, "test_auc": 0.8710435287246507, "test_time": 0.3088200092315674, "test_scores": null, "test_raios": null, "validation_auc": 0.865150031619549, "validation_time": null, "validation_scores": null, "validation_raios": null}{"train_time": 37.72711229324341, "train_auc": 0.9018442198389547, "train_ratios": null, "test_auc": 0.8508054328550444, "test_time": 0.23720979690551758, "test_scores": null, "test_raios": null, "validation_auc": 0.8514678877992391, "validation_time": null, "validation_scores": null, "validation_raios": null}{"train_time": 38.0668830871582, "train_auc": 0.9018619026699437, "train_ratios": null, "test_auc": 0.8502825173741977, "test_time": 0.22237300872802734, "test_scores": null, "test_raios": null, "validation_auc": 0.8451912876276357, "validation_time": null, "validation_scores": null, "validation_raios": null}{"train_time": 38.46362113952637, "train_auc": 0.9025154156672169, "train_ratios": null, "test_auc": 0.867939574765148, "test_time": 0.2642791271209717, "test_scores": null, "test_raios": null, "validation_auc": 0.8640025644720579, "validation_time": null, "validation_scores": null, "validation_raios": null}{"train_time": 37.89628195762634, "train_auc": 0.9117019510412493, "train_ratios": null, "test_auc": 0.8683782092733472, "test_time": 0.2071230411529541, "test_scores": null, "test_raios": null, "validation_auc": 0.8656487392729271, "validation_time": null, "validation_scores": null, "validation_raios": null}{"train_time": 38.934239864349365, "train_auc": 0.9008475428060982, "train_ratios": null, "test_auc": 0.8589286428524824, "test_time": 0.22959613800048828, "test_scores": null, "test_raios": null, "validation_auc": 0.855250215355628, "validation_time": null, "validation_scores": null, "validation_raios": null}{"train_time": 37.884928941726685, "train_auc": 0.9063427380558386, "train_ratios": null, "test_auc": 0.8522157625788875, "test_time": 0.20438814163208008, "test_scores": null, "test_raios": null, "validation_auc": 0.8494127554813781, "validation_time": null, "validation_scores": null, "validation_raios": null}{"train_time": 37.71713709831238, "train_auc": 0.9139315830686618, "train_ratios": null, "test_auc": 0.8722410049636019, "test_time": 0.22622895240783691, "test_scores": null, "test_raios": null, "validation_auc": 0.8692189519125304, "validation_time": null, "validation_scores": null, "validation_raios": null}{"train_time": 38.796379804611206, "train_auc": 0.9083767250087801, "train_ratios": null, "test_auc": 0.8661194866329678, "test_time": 0.24296998977661133, "test_scores": null, "test_raios": null, "validation_auc": 0.8617093729240025, "validation_time": null, "validation_scores": null, "validation_raios": null}{"train_time": 38.32547879219055, "train_auc": 0.9014311748082358, "train_ratios": null, "test_auc": 0.8547818577355428, "test_time": 0.22649598121643066, "test_scores": null, "test_raios": null, "validation_auc": 0.8515312200207619, "validation_time": null, "validation_scores": null, "validation_raios": null}{"train_time": 37.586228132247925, "train_auc": 0.9014909578658254, "train_ratios": null, "test_auc": 0.8647941301442931, "test_time": 0.22910118103027344, "test_scores": null, "test_raios": null, "validation_auc": 0.861904392956812, "validation_time": null, "validation_scores": null, "validation_raios": null}{"train_time": 38.74048733711243, "train_auc": 0.9185605339161582, "train_ratios": null, "test_auc": 0.862681859486092, "test_time": 0.21296286582946777, "test_scores": null, "test_raios": null, "validation_auc": 0.8628605038310632, "validation_time": null, "validation_scores": null, "validation_raios": null}{"train_time": 38.14663028717041, "train_auc": 0.9041570099096096, "train_ratios": null, "test_auc": 0.8600626563889995, "test_time": 0.2122969627380371, "test_scores": null, "test_raios": null, "validation_auc": 0.8560601430212538, "validation_time": null, "validation_scores": null, "validation_raios": null}{"train_time": 39.54659104347229, "train_auc": 0.906674335485216, "train_ratios": null, "test_auc": 0.8663833606613468, "test_time": 0.24690508842468262, "test_scores": null, "test_raios": null, "validation_auc": 0.8604685796830723, "validation_time": null, "validation_scores": null, "validation_raios": null}{"train_time": 37.77805709838867, "train_auc": 0.8990530862229744, "train_ratios": null, "test_auc": 0.8640748455140592, "test_time": 0.21297383308410645, "test_scores": null, "test_raios": null, "validation_auc": 0.858554551331267, "validation_time": null, "validation_scores": null, "validation_raios": null}{"train_time": 30.615505933761597, "train_auc": 0.8984884028563247, "train_ratios": null, "test_auc": 0.859803660026428, "test_time": 0.18746376037597656, "test_scores": null, "test_raios": null, "validation_auc": 0.8544790272247402, "validation_time": null, "validation_scores": null, "validation_raios": null}{"train_time": 30.079148769378662, "train_auc": 0.9033589405723301, "train_ratios": null, "test_auc": 0.8571979706363988, "test_time": 0.19371914863586426, "test_scores": null, "test_raios": null, "validation_auc": 0.8586731193179798, "validation_time": null, "validation_scores": null, "validation_raios": null}