{"train_time": 29.319823741912842, "train_auc": 0.8671283374964406, "train_ratios": null, "test_auc": 0.8658805446647249, "test_time": 0.18776798248291016, "test_scores": null, "test_raios": null, "validation_auc": 0.8594407820447791, "validation_time": null, "validation_scores": null, "validation_raios": null}{"train_time": 29.84193205833435, "train_auc": 0.8800640794872207, "train_ratios": null, "test_auc": 0.8639284227076959, "test_time": 0.19841408729553223, "test_scores": null, "test_raios": null, "validation_auc": 0.8611657210246905, "validation_time": null, "validation_scores": null, "validation_raios": null}{"train_time": 29.496056079864502, "train_auc": 0.86002388301125, "train_ratios": null, "test_auc": 0.8609376125589683, "test_time": 0.19389009475708008, "test_scores": null, "test_raios": null, "validation_auc": 0.8580188974430417, "validation_time": null, "validation_scores": null, "validation_raios": null}