{"train_time": 31.569971799850464, "train_auc": 0.8917315790724851, "train_ratios": null, "test_auc": 0.8606624819706725, "test_time": 0.19238805770874023, "test_scores": null, "test_raios": null, "validation_auc": 0.8587514498058022, "validation_time": null, "validation_scores": null, "validation_raios": null}{"train_time": 31.315152883529663, "train_auc": 0.9054218987915665, "train_ratios": null, "test_auc": 0.8582093635269422, "test_time": 0.19011688232421875, "test_scores": null, "test_raios": null, "validation_auc": 0.8559274947036458, "validation_time": null, "validation_scores": null, "validation_raios": null}{"train_time": 31.254364013671875, "train_auc": 0.9084407937180267, "train_ratios": null, "test_auc": 0.8709592610137376, "test_time": 0.19057321548461914, "test_scores": null, "test_raios": null, "validation_auc": 0.8653388522625272, "validation_time": null, "validation_scores": null, "validation_raios": null}{"train_time": 31.98590087890625, "train_auc": 0.904878143893036, "train_ratios": null, "test_auc": 0.8573552733694301, "test_time": 0.20522403717041016, "test_scores": null, "test_raios": null, "validation_auc": 0.8542083054582514, "validation_time": null, "validation_scores": null, "validation_raios": null}{"train_time": 31.99415397644043, "train_auc": 0.9203028631345331, "train_ratios": null, "test_auc": 0.8637550573623047, "test_time": 0.20199084281921387, "test_scores": null, "test_raios": null, "validation_auc": 0.8627479569684654, "validation_time": null, "validation_scores": null, "validation_raios": null}{"train_time": 31.598083019256592, "train_auc": 0.9086272988145927, "train_ratios": null, "test_auc": 0.8588194324720457, "test_time": 0.19181013107299805, "test_scores": null, "test_raios": null, "validation_auc": 0.8580325839929519, "validation_time": null, "validation_scores": null, "validation_raios": null}{"train_time": 31.383819103240967, "train_auc": 0.916166393241132, "train_ratios": null, "test_auc": 0.8701237850262291, "test_time": 0.1871647834777832, "test_scores": null, "test_raios": null, "validation_auc": 0.8665678613414137, "validation_time": null, "validation_scores": null, "validation_raios": null}{"train_time": 31.848423957824707, "train_auc": 0.9034231721027018, "train_ratios": null, "test_auc": 0.868962797122522, "test_time": 0.19492816925048828, "test_scores": null, "test_raios": null, "validation_auc": 0.8633118167500808, "validation_time": null, "validation_scores": null, "validation_raios": null}{"train_time": 31.51715898513794, "train_auc": 0.9154766957496849, "train_ratios": null, "test_auc": 0.8620930809289368, "test_time": 0.19903182983398438, "test_scores": null, "test_raios": null, "validation_auc": 0.8554992206329316, "validation_time": null, "validation_scores": null, "validation_raios": null}{"train_time": 31.400564193725586, "train_auc": 0.9085510862763827, "train_ratios": null, "test_auc": 0.8603754927397311, "test_time": 0.19034409523010254, "test_scores": null, "test_raios": null, "validation_auc": 0.8619871348559389, "validation_time": null, "validation_scores": null, "validation_raios": null}