{"train_time": 938.7801420688629, "train_auc": 0.906974437157228, "train_ratios": null, "test_auc": 0.8895127638886163, "test_time": 0.19192886352539062, "test_scores": null, "test_raios": null, "validation_auc": 0.8849351368218641, "validation_time": null, "validation_scores": null, "validation_raios": null}{"train_time": 947.575807094574, "train_auc": 0.9068550071787563, "train_ratios": null, "test_auc": 0.8923641189460848, "test_time": 0.2420339584350586, "test_scores": null, "test_raios": null, "validation_auc": 0.8881714258468899, "validation_time": null, "validation_scores": null, "validation_raios": null}{"train_time": 946.4065437316895, "train_auc": 0.9070916683614658, "train_ratios": null, "test_auc": 0.8920721167796478, "test_time": 0.23614215850830078, "test_scores": null, "test_raios": null, "validation_auc": 0.8892934196217448, "validation_time": null, "validation_scores": null, "validation_raios": null}{"train_time": 935.9179012775421, "train_auc": 0.9073535582018363, "train_ratios": null, "test_auc": 0.8928854111906758, "test_time": 0.2480907440185547, "test_scores": null, "test_raios": null, "validation_auc": 0.886846270351293, "validation_time": null, "validation_scores": null, "validation_raios": null}{"train_time": 935.4555978775024, "train_auc": 0.9077504025768196, "train_ratios": null, "test_auc": 0.8935601337419363, "test_time": 0.22957491874694824, "test_scores": null, "test_raios": null, "validation_auc": 0.8894466110676297, "validation_time": null, "validation_scores": null, "validation_raios": null}{"train_time": 946.5816488265991, "train_auc": 0.9068268938827123, "train_ratios": null, "test_auc": 0.8909192264907914, "test_time": 0.2623870372772217, "test_scores": null, "test_raios": null, "validation_auc": 0.886964018847848, "validation_time": null, "validation_scores": null, "validation_raios": null}{"train_time": 952.0105910301208, "train_auc": 0.9076817070635578, "train_ratios": null, "test_auc": 0.8931264140324001, "test_time": 0.19797301292419434, "test_scores": null, "test_raios": null, "validation_auc": 0.886917973079429, "validation_time": null, "validation_scores": null, "validation_raios": null}{"train_time": 948.845556974411, "train_auc": 0.9074254167439341, "train_ratios": null, "test_auc": 0.8902013131238652, "test_time": 0.27150392532348633, "test_scores": null, "test_raios": null, "validation_auc": 0.8850592523312365, "validation_time": null, "validation_scores": null, "validation_raios": null}{"train_time": 942.8681242465973, "train_auc": 0.9075254222170099, "train_ratios": null, "test_auc": 0.8914295141484136, "test_time": 0.1950058937072754, "test_scores": null, "test_raios": null, "validation_auc": 0.8890574357237684, "validation_time": null, "validation_scores": null, "validation_raios": null}{"train_time": 931.9671518802643, "train_auc": 0.907304580942146, "train_ratios": null, "test_auc": 0.8905877255754663, "test_time": 0.25259995460510254, "test_scores": null, "test_raios": null, "validation_auc": 0.8861473330491014, "validation_time": null, "validation_scores": null, "validation_raios": null}{"train_time": 2184.3856830596924, "train_auc": 0.9058784321559042, "train_ratios": null, "test_auc": 0.8898675550613939, "test_time": 0.20769810676574707, "test_scores": null, "test_raios": null, "validation_auc": 0.8861712206550685, "validation_time": null, "validation_scores": null, "validation_raios": null}{"train_time": 2180.242689847946, "train_auc": 0.906767284978921, "train_ratios": null, "test_auc": 0.8915251577748508, "test_time": 0.25177693367004395, "test_scores": null, "test_raios": null, "validation_auc": 0.886826065129672, "validation_time": null, "validation_scores": null, "validation_raios": null}{"train_time": 3240.340177297592, "train_auc": 0.9063138265639405, "train_ratios": null, "test_auc": 0.8897055072798964, "test_time": 0.2023789882659912, "test_scores": null, "test_raios": null, "validation_auc": 0.8882049477835772, "validation_time": null, "validation_scores": null, "validation_raios": null}{"train_time": 3168.8196721076965, "train_auc": 0.9062805821629873, "train_ratios": null, "test_auc": 0.8911549909475401, "test_time": 0.24150705337524414, "test_scores": null, "test_raios": null, "validation_auc": 0.8864632997186274, "validation_time": null, "validation_scores": null, "validation_raios": null}{"train_time": 5199.688598155975, "train_auc": 0.9073757554153044, "train_ratios": null, "test_auc": 0.8938157085771061, "test_time": 0.20208525657653809, "test_scores": null, "test_raios": null, "validation_auc": 0.8900142570002018, "validation_time": null, "validation_scores": null, "validation_raios": null}{"train_time": 4663.795392036438, "train_auc": 0.9071407076956316, "train_ratios": null, "test_auc": 0.8914925339089279, "test_time": 0.18427801132202148, "test_scores": null, "test_raios": null, "validation_auc": 0.8871231462760132, "validation_time": null, "validation_scores": null, "validation_raios": null}{"train_time": 15265.23824930191, "train_auc": 0.9075298769494696, "train_ratios": null, "test_auc": 0.8910064197402504, "test_time": 0.1877138614654541, "test_scores": null, "test_raios": null, "validation_auc": 0.8872276525566072, "validation_time": null, "validation_scores": null, "validation_raios": null}{"train_time": 11206.977818965912, "train_auc": 0.9066280376978628, "train_ratios": null, "test_auc": 0.8931162210635593, "test_time": 0.1839580535888672, "test_scores": null, "test_raios": null, "validation_auc": 0.8877227336999681, "validation_time": null, "validation_scores": null, "validation_raios": null}