{"train_time": 53.98119306564331, "train_auc": 0.8881202869629379, "train_ratios": null, "test_auc": 0.857131091711257, "test_time": 0.21586203575134277, "test_scores": null, "test_raios": null, "validation_auc": 0.8528342067111774, "validation_time": null, "validation_scores": null, "validation_raios": null}{"train_time": 52.90498399734497, "train_auc": 0.8873984024474113, "train_ratios": null, "test_auc": 0.8646733847075231, "test_time": 0.19658708572387695, "test_scores": null, "test_raios": null, "validation_auc": 0.8607285389895325, "validation_time": null, "validation_scores": null, "validation_raios": null}{"train_time": 52.10775399208069, "train_auc": 0.9194011257967583, "train_ratios": null, "test_auc": 0.8626534210234557, "test_time": 0.19639992713928223, "test_scores": null, "test_raios": null, "validation_auc": 0.8604060882371659, "validation_time": null, "validation_scores": null, "validation_raios": null}{"train_time": 64.41500210762024, "train_auc": 0.8986820515541034, "train_ratios": null, "test_auc": 0.856087326927739, "test_time": 0.18569397926330566, "test_scores": null, "test_raios": null, "validation_auc": 0.854655534229891, "validation_time": null, "validation_scores": null, "validation_raios": null}{"train_time": 53.60114884376526, "train_auc": 0.9051620329381576, "train_ratios": null, "test_auc": 0.8618870917176226, "test_time": 0.19185185432434082, "test_scores": null, "test_raios": null, "validation_auc": 0.8563860553213328, "validation_time": null, "validation_scores": null, "validation_raios": null}{"train_time": 53.950297832489014, "train_auc": 0.8855160175845938, "train_ratios": null, "test_auc": 0.8589012918520437, "test_time": 0.21023082733154297, "test_scores": null, "test_raios": null, "validation_auc": 0.8513074912256017, "validation_time": null, "validation_scores": null, "validation_raios": null}{"train_time": 54.365952014923096, "train_auc": 0.9139082986272093, "train_ratios": null, "test_auc": 0.8598764589896786, "test_time": 0.1879270076751709, "test_scores": null, "test_raios": null, "validation_auc": 0.8517909744546825, "validation_time": null, "validation_scores": null, "validation_raios": null}{"train_time": 54.30071425437927, "train_auc": 0.8995502182503988, "train_ratios": null, "test_auc": 0.8604929333523594, "test_time": 0.19031786918640137, "test_scores": null, "test_raios": null, "validation_auc": 0.8560900118411006, "validation_time": null, "validation_scores": null, "validation_raios": null}{"train_time": 54.012612104415894, "train_auc": 0.8882231749299732, "train_ratios": null, "test_auc": 0.8637238471972387, "test_time": 0.22329282760620117, "test_scores": null, "test_raios": null, "validation_auc": 0.859407688477947, "validation_time": null, "validation_scores": null, "validation_raios": null}{"train_time": 54.61104607582092, "train_auc": 0.8975713424624812, "train_ratios": null, "test_auc": 0.856128562963796, "test_time": 0.18782496452331543, "test_scores": null, "test_raios": null, "validation_auc": 0.8559599097964834, "validation_time": null, "validation_scores": null, "validation_raios": null}