{"train_time": 60.76872515678406, "train_auc": 0.9016021036575097, "train_ratios": null, "test_auc": 0.8665008277974435, "test_time": 0.19096779823303223, "test_scores": null, "test_raios": null, "validation_auc": 0.862568890386912, "validation_time": null, "validation_scores": null, "validation_raios": null}{"train_time": 60.56109404563904, "train_auc": 0.897954389741308, "train_ratios": null, "test_auc": 0.8681925503004312, "test_time": 0.18877816200256348, "test_scores": null, "test_raios": null, "validation_auc": 0.8650153319158637, "validation_time": null, "validation_scores": null, "validation_raios": null}{"train_time": 59.932469844818115, "train_auc": 0.9136877402354049, "train_ratios": null, "test_auc": 0.862511186272726, "test_time": 0.19353675842285156, "test_scores": null, "test_raios": null, "validation_auc": 0.8606984253869109, "validation_time": null, "validation_scores": null, "validation_raios": null}{"train_time": 61.47102403640747, "train_auc": 0.9106786187707339, "train_ratios": null, "test_auc": 0.8674011483600804, "test_time": 0.20135021209716797, "test_scores": null, "test_raios": null, "validation_auc": 0.8621890992696322, "validation_time": null, "validation_scores": null, "validation_raios": null}{"train_time": 60.18418216705322, "train_auc": 0.9032395050584867, "train_ratios": null, "test_auc": 0.8683161655764637, "test_time": 0.18620705604553223, "test_scores": null, "test_raios": null, "validation_auc": 0.8697107923448125, "validation_time": null, "validation_scores": null, "validation_raios": null}{"train_time": 60.870139837265015, "train_auc": 0.906307666244993, "train_ratios": null, "test_auc": 0.8700176911533093, "test_time": 0.18927574157714844, "test_scores": null, "test_raios": null, "validation_auc": 0.8639881063242717, "validation_time": null, "validation_scores": null, "validation_raios": null}{"train_time": 60.43417286872864, "train_auc": 0.9018526856047961, "train_ratios": null, "test_auc": 0.8691037375280023, "test_time": 0.19749093055725098, "test_scores": null, "test_raios": null, "validation_auc": 0.863232749253253, "validation_time": null, "validation_scores": null, "validation_raios": null}{"train_time": 59.21586203575134, "train_auc": 0.9089129105853887, "train_ratios": null, "test_auc": 0.861911570226452, "test_time": 0.18022394180297852, "test_scores": null, "test_raios": null, "validation_auc": 0.861891672234588, "validation_time": null, "validation_scores": null, "validation_raios": null}{"train_time": 60.39271807670593, "train_auc": 0.8972555252015105, "train_ratios": null, "test_auc": 0.8635063998476493, "test_time": 0.19367408752441406, "test_scores": null, "test_raios": null, "validation_auc": 0.8631418097918644, "validation_time": null, "validation_scores": null, "validation_raios": null}{"train_time": 61.33200407028198, "train_auc": 0.9038933280808039, "train_ratios": null, "test_auc": 0.8658618005297267, "test_time": 0.19666719436645508, "test_scores": null, "test_raios": null, "validation_auc": 0.8646646619666956, "validation_time": null, "validation_scores": null, "validation_raios": null}