{"train_time": 625.3263318538666, "train_auc": 0.9080108671102599, "train_ratios": null, "test_auc": 0.8937584364521571, "test_time": 0.23541975021362305, "test_scores": null, "test_raios": null, "validation_auc": 0.8866728683624222, "validation_time": null, "validation_scores": null, "validation_raios": null}{"train_time": 1347.9143850803375, "train_auc": 0.907891520787384, "train_ratios": null, "test_auc": 0.8910139285341063, "test_time": 0.23047876358032227, "test_scores": null, "test_raios": null, "validation_auc": 0.8888394885913136, "validation_time": null, "validation_scores": null, "validation_raios": null}{"train_time": 782.3538382053375, "train_auc": 0.9085539050686822, "train_ratios": null, "test_auc": 0.8931351826909968, "test_time": 0.2198200225830078, "test_scores": null, "test_raios": null, "validation_auc": 0.8870152502861298, "validation_time": null, "validation_scores": null, "validation_raios": null}{"train_time": 1574.5975332260132, "train_auc": 0.9069743611542058, "train_ratios": null, "test_auc": 0.8930211344299549, "test_time": 0.25473499298095703, "test_scores": null, "test_raios": null, "validation_auc": 0.8863442368450013, "validation_time": null, "validation_scores": null, "validation_raios": null}{"train_time": 2126.014961004257, "train_auc": 0.9075731372266008, "train_ratios": null, "test_auc": 0.891143249008155, "test_time": 0.19585919380187988, "test_scores": null, "test_raios": null, "validation_auc": 0.8882209358237035, "validation_time": null, "validation_scores": null, "validation_raios": null}{"train_time": 835.1249659061432, "train_auc": 0.9069850437764572, "train_ratios": null, "test_auc": 0.8916704294626928, "test_time": 0.24859404563903809, "test_scores": null, "test_raios": null, "validation_auc": 0.8862148106136959, "validation_time": null, "validation_scores": null, "validation_raios": null}{"train_time": 777.0015380382538, "train_auc": 0.9068669411985781, "train_ratios": null, "test_auc": 0.8883630855917625, "test_time": 0.22081828117370605, "test_scores": null, "test_raios": null, "validation_auc": 0.8835139812470852, "validation_time": null, "validation_scores": null, "validation_raios": null}{"train_time": 783.417848110199, "train_auc": 0.9064587366445787, "train_ratios": null, "test_auc": 0.8899562415821143, "test_time": 0.1996018886566162, "test_scores": null, "test_raios": null, "validation_auc": 0.8841847685302157, "validation_time": null, "validation_scores": null, "validation_raios": null}{"train_time": 776.5657341480255, "train_auc": 0.9070174478621397, "train_ratios": null, "test_auc": 0.8895545171323038, "test_time": 0.24294400215148926, "test_scores": null, "test_raios": null, "validation_auc": 0.8848420688146107, "validation_time": null, "validation_scores": null, "validation_raios": null}{"train_time": 776.5657341480255, "train_auc": 0.9070174478621397, "train_ratios": null, "test_auc": 0.8895545171323038, "test_time": 0.24294400215148926, "test_scores": null, "test_raios": null, "validation_auc": 0.886420688146107, "validation_time": null, "validation_scores": null, "validation_raios": null}