{"train_time": 56.05677103996277, "train_auc": 0.8940113651808181, "train_ratios": null, "test_auc": 0.8631709389785176, "test_time": 0.22066998481750488, "test_scores": null, "test_raios": null, "validation_auc": 0.856120109479628, "validation_time": null, "validation_scores": null, "validation_raios": null}{"train_time": 54.295570373535156, "train_auc": 0.9111065006540592, "train_ratios": null, "test_auc": 0.8600004455942662, "test_time": 0.1971418857574463, "test_scores": null, "test_raios": null, "validation_auc": 0.8558987859412951, "validation_time": null, "validation_scores": null, "validation_raios": null}{"train_time": 54.196183919906616, "train_auc": 0.898507219275603, "train_ratios": null, "test_auc": 0.8593567183679791, "test_time": 0.19025087356567383, "test_scores": null, "test_raios": null, "validation_auc": 0.8552118935480156, "validation_time": null, "validation_scores": null, "validation_raios": null}{"train_time": 52.88914489746094, "train_auc": 0.8948418015962993, "train_ratios": null, "test_auc": 0.8563319740939982, "test_time": 0.1844007968902588, "test_scores": null, "test_raios": null, "validation_auc": 0.852681052514845, "validation_time": null, "validation_scores": null, "validation_raios": null}{"train_time": 54.17357277870178, "train_auc": 0.8963783865772001, "train_ratios": null, "test_auc": 0.8479289282450005, "test_time": 0.2008821964263916, "test_scores": null, "test_raios": null, "validation_auc": 0.8416937754720423, "validation_time": null, "validation_scores": null, "validation_raios": null}{"train_time": 53.82069706916809, "train_auc": 0.9114439350240033, "train_ratios": null, "test_auc": 0.8570274565638423, "test_time": 0.20419788360595703, "test_scores": null, "test_raios": null, "validation_auc": 0.8550739797400747, "validation_time": null, "validation_scores": null, "validation_raios": null}{"train_time": 55.38927698135376, "train_auc": 0.8951534778705861, "train_ratios": null, "test_auc": 0.8572878268420681, "test_time": 0.1930532455444336, "test_scores": null, "test_raios": null, "validation_auc": 0.8504099260053601, "validation_time": null, "validation_scores": null, "validation_raios": null}{"train_time": 54.091147899627686, "train_auc": 0.9140147050187122, "train_ratios": null, "test_auc": 0.8697872181284723, "test_time": 0.19634413719177246, "test_scores": null, "test_raios": null, "validation_auc": 0.8640894676783504, "validation_time": null, "validation_scores": null, "validation_raios": null}{"train_time": 56.158711671829224, "train_auc": 0.9095002381271556, "train_ratios": null, "test_auc": 0.8689974632954985, "test_time": 0.21984601020812988, "test_scores": null, "test_raios": null, "validation_auc": 0.8627249606910793, "validation_time": null, "validation_scores": null, "validation_raios": null}{"train_time": 53.373881101608276, "train_auc": 0.8937497459836203, "train_ratios": null, "test_auc": 0.8546714697131169, "test_time": 0.1994638442993164, "test_scores": null, "test_raios": null, "validation_auc": 0.8485785384467532, "validation_time": null, "validation_scores": null, "validation_raios": null}{"train_time": 52.76053786277771, "train_auc": 0.8985886375377012, "train_ratios": null, "test_auc": 0.8676580254975406, "test_time": 0.19184422492980957, "test_scores": null, "test_raios": null, "validation_auc": 0.8589074030399466, "validation_time": null, "validation_scores": null, "validation_raios": null}