{"train_time": 155.64136028289795, "train_auc": 0.9302375465209463, "train_ratios": null, "test_auc": 0.8601213209960306, "test_time": 0.19038891792297363, "test_scores": null, "test_raios": null, "validation_auc": 0.8572763568788109, "validation_time": null, "validation_scores": null, "validation_raios": null}{"train_time": 156.91538190841675, "train_auc": 0.9386977059820389, "train_ratios": null, "test_auc": 0.8558536976101825, "test_time": 0.1879277229309082, "test_scores": null, "test_raios": null, "validation_auc": 0.8515343223763598, "validation_time": null, "validation_scores": null, "validation_raios": null}{"train_time": 159.08246397972107, "train_auc": 0.9362615060830877, "train_ratios": null, "test_auc": 0.8535079647322747, "test_time": 0.199019193649292, "test_scores": null, "test_raios": null, "validation_auc": 0.8545279624941705, "validation_time": null, "validation_scores": null, "validation_raios": null}