{"train_time": 188.4264941215515, "train_auc": 0.9360670204388183, "train_ratios": null, "test_auc": 0.8579819751814605, "test_time": 0.3642899990081787, "test_scores": null, "test_raios": null, "validation_auc": 0.8553953396126855, "validation_time": null, "validation_scores": null, "validation_raios": null}{"train_time": 188.06990003585815, "train_auc": 0.9317879268706208, "train_ratios": null, "test_auc": 0.8419927134728078, "test_time": 0.46262383460998535, "test_scores": null, "test_raios": null, "validation_auc": 0.8432970999839721, "validation_time": null, "validation_scores": null, "validation_raios": null}{"train_time": 197.12656831741333, "train_auc": 0.9262219328911485, "train_ratios": null, "test_auc": 0.853982172516064, "test_time": 0.5861871242523193, "test_scores": null, "test_raios": null, "validation_auc": 0.8512434060309793, "validation_time": null, "validation_scores": null, "validation_raios": null}{"train_time": 190.1793007850647, "train_auc": 0.9333487829176805, "train_ratios": null, "test_auc": 0.8500668868821822, "test_time": 0.36661195755004883, "test_scores": null, "test_raios": null, "validation_auc": 0.8484064481742717, "validation_time": null, "validation_scores": null, "validation_raios": null}{"train_time": 188.3200261592865, "train_auc": 0.928833752306504, "train_ratios": null, "test_auc": 0.8563389179379807, "test_time": 0.3990626335144043, "test_scores": null, "test_raios": null, "validation_auc": 0.8545753519071665, "validation_time": null, "validation_scores": null, "validation_raios": null}{"train_time": 200.67843914031982, "train_auc": 0.9309452560387024, "train_ratios": null, "test_auc": 0.8357847074169696, "test_time": 0.42428016662597656, "test_scores": null, "test_raios": null, "validation_auc": 0.8414970659059527, "validation_time": null, "validation_scores": null, "validation_raios": null}{"train_time": 190.39059686660767, "train_auc": 0.9383280244480788, "train_ratios": null, "test_auc": 0.8475207241119014, "test_time": 0.3609168529510498, "test_scores": null, "test_raios": null, "validation_auc": 0.845216609341379, "validation_time": null, "validation_scores": null, "validation_raios": null}{"train_time": 192.2723548412323, "train_auc": 0.922447467285568, "train_ratios": null, "test_auc": 0.84893759452301, "test_time": 0.5127758979797363, "test_scores": null, "test_raios": null, "validation_auc": 0.8426833470872872, "validation_time": null, "validation_scores": null, "validation_raios": null}{"train_time": 195.47794198989868, "train_auc": 0.9273928492870509, "train_ratios": null, "test_auc": 0.8498959086489316, "test_time": 0.5346179008483887, "test_scores": null, "test_raios": null, "validation_auc": 0.8544162298003657, "validation_time": null, "validation_scores": null, "validation_raios": null}{"train_time": 191.24475693702698, "train_auc": 0.9265092865619007, "train_ratios": null, "test_auc": 0.857692198334008, "test_time": 0.3181338310241699, "test_scores": null, "test_raios": null, "validation_auc": 0.853049104701681, "validation_time": null, "validation_scores": null, "validation_raios": null}{"train_time": 188.75779509544373, "train_auc": 0.941141218515959, "train_ratios": null, "test_auc": 0.8533235629717529, "test_time": 0.4732060432434082, "test_scores": null, "test_raios": null, "validation_auc": 0.8531289970100315, "validation_time": null, "validation_scores": null, "validation_raios": null}{"train_time": 191.42492485046387, "train_auc": 0.9286694252919274, "train_ratios": null, "test_auc": 0.8366725858206601, "test_time": 0.5128788948059082, "test_scores": null, "test_raios": null, "validation_auc": 0.8332668357867308, "validation_time": null, "validation_scores": null, "validation_raios": null}{"train_time": 172.5311541557312, "train_auc": 0.9255747348712774, "train_ratios": null, "test_auc": 0.8482629568468475, "test_time": 0.2686350345611572, "test_scores": null, "test_raios": null, "validation_auc": 0.8409256364831059, "validation_time": null, "validation_scores": null, "validation_raios": null}{"train_time": 173.48884677886963, "train_auc": 0.9360640145352667, "train_ratios": null, "test_auc": 0.8427615386370013, "test_time": 0.3211209774017334, "test_scores": null, "test_raios": null, "validation_auc": 0.842959504627778, "validation_time": null, "validation_scores": null, "validation_raios": null}{"train_time": 174.2957901954651, "train_auc": 0.9371856937025828, "train_ratios": null, "test_auc": 0.8600357191546653, "test_time": 0.3416781425476074, "test_scores": null, "test_raios": null, "validation_auc": 0.8586740425747488, "validation_time": null, "validation_scores": null, "validation_raios": null}{"train_time": 171.7229540348053, "train_auc": 0.9282658665763509, "train_ratios": null, "test_auc": 0.8564696786363541, "test_time": 0.3129143714904785, "test_scores": null, "test_raios": null, "validation_auc": 0.8537746275417231, "validation_time": null, "validation_scores": null, "validation_raios": null}{"train_time": 170.8998818397522, "train_auc": 0.9336088786821289, "train_ratios": null, "test_auc": 0.859062233604916, "test_time": 0.2607853412628174, "test_scores": null, "test_raios": null, "validation_auc": 0.8545279571728058, "validation_time": null, "validation_scores": null, "validation_raios": null}{"train_time": 158.03114485740662, "train_auc": 0.931709858497588, "train_ratios": null, "test_auc": 0.8494586188805718, "test_time": 0.286329984664917, "test_scores": null, "test_raios": null, "validation_auc": 0.8435046305451014, "validation_time": null, "validation_scores": null, "validation_raios": null}{"train_time": 145.6198959350586, "train_auc": 0.9317874513108657, "train_ratios": null, "test_auc": 0.8623661002491614, "test_time": 0.24729299545288086, "test_scores": null, "test_raios": null, "validation_auc": 0.8531867657448006, "validation_time": null, "validation_scores": null, "validation_raios": null}{"train_time": 147.58928990364075, "train_auc": 0.9354426173249378, "train_ratios": null, "test_auc": 0.8502499014653155, "test_time": 0.3076441287994385, "test_scores": null, "test_raios": null, "validation_auc": 0.8512639172310683, "validation_time": null, "validation_scores": null, "validation_raios": null}{"train_time": 136.43836092948914, "train_auc": 0.9267771306491509, "train_ratios": null, "test_auc": 0.8538468153006461, "test_time": 0.23958396911621094, "test_scores": null, "test_raios": null, "validation_auc": 0.8408093806293386, "validation_time": null, "validation_scores": null, "validation_raios": null}{"train_time": 122.44357895851135, "train_auc": 0.9309272112817906, "train_ratios": null, "test_auc": 0.8587351594564386, "test_time": 0.2610809803009033, "test_scores": null, "test_raios": null, "validation_auc": 0.8500895851740821, "validation_time": null, "validation_scores": null, "validation_raios": null}{"train_time": 118.82268214225769, "train_auc": 0.929682950358991, "train_ratios": null, "test_auc": 0.8551021710519685, "test_time": 0.20583224296569824, "test_scores": null, "test_raios": null, "validation_auc": 0.8497945766992767, "validation_time": null, "validation_scores": null, "validation_raios": null}{"train_time": 105.05989503860474, "train_auc": 0.9283854741932209, "train_ratios": null, "test_auc": 0.8586236813194683, "test_time": 0.1720900535583496, "test_scores": null, "test_raios": null, "validation_auc": 0.852563602014711, "validation_time": null, "validation_scores": null, "validation_raios": null}{"train_time": 93.63066911697388, "train_auc": 0.931172395175585, "train_ratios": null, "test_auc": 0.8491930075650236, "test_time": 0.1723308563232422, "test_scores": null, "test_raios": null, "validation_auc": 0.845474243211482, "validation_time": null, "validation_scores": null, "validation_raios": null}