{"train_time": 38.07568693161011, "train_auc": 0.8185601026833418, "train_ratios": null, "test_auc": 0.8552069228373957, "test_time": 0.24338722229003906, "test_scores": null, "test_raios": null, "validation_auc": 0.8498809610725148, "validation_time": null, "validation_scores": null, "validation_raios": null}{"train_time": 28.906572103500366, "train_auc": 0.557459697482366, "train_ratios": null, "test_auc": 0.4946122242421317, "test_time": 0.18555212020874023, "test_scores": null, "test_raios": null, "validation_auc": 0.49315960656383945, "validation_time": null, "validation_scores": null, "validation_raios": null}{"train_time": 28.051973819732666, "train_auc": 0.5418929859864537, "train_ratios": null, "test_auc": 0.495448811562959, "test_time": 0.1915121078491211, "test_scores": null, "test_raios": null, "validation_auc": 0.48577620245280856, "validation_time": null, "validation_scores": null, "validation_raios": null}{"train_time": 28.21249485015869, "train_auc": 0.5551178581841644, "train_ratios": null, "test_auc": 0.43584882259672186, "test_time": 0.19449901580810547, "test_scores": null, "test_raios": null, "validation_auc": 0.43431990990716773, "validation_time": null, "validation_scores": null, "validation_raios": null}