{"train_time": 563.6958861351013, "train_auc": 0.9119118906659999, "train_ratios": null, "test_auc": 0.8877096109909007, "test_time": 0.1838390827178955, "test_scores": null, "test_raios": null, "validation_auc": 0.8823064837848441, "validation_time": null, "validation_scores": null, "validation_raios": null}{"train_time": 192.61314821243286, "train_auc": 0.9071819225529135, "train_ratios": null, "test_auc": 0.8826518083965873, "test_time": 0.20321273803710938, "test_scores": null, "test_raios": null, "validation_auc": 0.8769360215519526, "validation_time": null, "validation_scores": null, "validation_raios": null}{"train_time": 605.5211267471313, "train_auc": 0.9055269838598677, "train_ratios": null, "test_auc": 0.8878950339049494, "test_time": 0.1894848346710205, "test_scores": null, "test_raios": null, "validation_auc": 0.878761882873358, "validation_time": null, "validation_scores": null, "validation_raios": null}{"train_time": 208.73060083389282, "train_auc": 0.9132120355884812, "train_ratios": null, "test_auc": 0.8813466866618254, "test_time": 0.20370721817016602, "test_scores": null, "test_raios": null, "validation_auc": 0.8768739504938546, "validation_time": null, "validation_scores": null, "validation_raios": null}{"train_time": 191.4850878715515, "train_auc": 0.9073420886370338, "train_ratios": null, "test_auc": 0.881108707495479, "test_time": 0.1934342384338379, "test_scores": null, "test_raios": null, "validation_auc": 0.8776614672322072, "validation_time": null, "validation_scores": null, "validation_raios": null}{"train_time": 191.2473909854889, "train_auc": 0.9062139499046832, "train_ratios": null, "test_auc": 0.8834374998342283, "test_time": 0.19737911224365234, "test_scores": null, "test_raios": null, "validation_auc": 0.878867772708764, "validation_time": null, "validation_scores": null, "validation_raios": null}{"train_time": 190.910630941391, "train_auc": 0.905129236156656, "train_ratios": null, "test_auc": 0.8846315200652689, "test_time": 0.20073199272155762, "test_scores": null, "test_raios": null, "validation_auc": 0.8792455762963429, "validation_time": null, "validation_scores": null, "validation_raios": null}{"train_time": 190.85408902168274, "train_auc": 0.9108607105583686, "train_ratios": null, "test_auc": 0.8841948854265742, "test_time": 0.18712520599365234, "test_scores": null, "test_raios": null, "validation_auc": 0.8789975129005843, "validation_time": null, "validation_scores": null, "validation_raios": null}{"train_time": 401.3907980918884, "train_auc": 0.9079527616292471, "train_ratios": null, "test_auc": 0.8852527129529479, "test_time": 0.18262887001037598, "test_scores": null, "test_raios": null, "validation_auc": 0.8829519014619491, "validation_time": null, "validation_scores": null, "validation_raios": null}{"train_time": 194.12023615837097, "train_auc": 0.9060512730045406, "train_ratios": null, "test_auc": 0.8795894034500666, "test_time": 0.20566129684448242, "test_scores": null, "test_raios": null, "validation_auc": 0.8778225476012034, "validation_time": null, "validation_scores": null, "validation_raios": null}