{"train_time": 52.278921127319336, "train_auc": 0.899894262486001, "train_ratios": null, "test_auc": 0.8602556119680252, "test_time": 0.19453692436218262, "test_scores": null, "test_raios": null, "validation_auc": 0.8574772703229834, "validation_time": null, "validation_scores": null, "validation_raios": null}{"train_time": 53.51903986930847, "train_auc": 0.8866834506256764, "train_ratios": null, "test_auc": 0.8532787674862596, "test_time": 0.20932292938232422, "test_scores": null, "test_raios": null, "validation_auc": 0.8507017735895563, "validation_time": null, "validation_scores": null, "validation_raios": null}{"train_time": 51.994717836380005, "train_auc": 0.9024567758712713, "train_ratios": null, "test_auc": 0.861975942683846, "test_time": 0.1880500316619873, "test_scores": null, "test_raios": null, "validation_auc": 0.8572245666972397, "validation_time": null, "validation_scores": null, "validation_raios": null}{"train_time": 702.6315619945526, "train_auc": 0.9045488967290678, "train_ratios": null, "test_auc": 0.8616419803906695, "test_time": 0.178513765335083, "test_scores": null, "test_raios": null, "validation_auc": 0.8589742633262404, "validation_time": null, "validation_scores": null, "validation_raios": null}{"train_time": 51.9685959815979, "train_auc": 0.8888402231914819, "train_ratios": null, "test_auc": 0.8615845411678708, "test_time": 0.18306303024291992, "test_scores": null, "test_raios": null, "validation_auc": 0.8601292681867748, "validation_time": null, "validation_scores": null, "validation_raios": null}{"train_time": 52.98753786087036, "train_auc": 0.8904910852480796, "train_ratios": null, "test_auc": 0.8617450665022918, "test_time": 0.18744707107543945, "test_scores": null, "test_raios": null, "validation_auc": 0.8577902676710283, "validation_time": null, "validation_scores": null, "validation_raios": null}{"train_time": 52.638110876083374, "train_auc": 0.8968634295710517, "train_ratios": null, "test_auc": 0.863123655591704, "test_time": 0.18468904495239258, "test_scores": null, "test_raios": null, "validation_auc": 0.8566921934303283, "validation_time": null, "validation_scores": null, "validation_raios": null}{"train_time": 51.79541015625, "train_auc": 0.8834347798049151, "train_ratios": null, "test_auc": 0.8547125731318328, "test_time": 0.18317008018493652, "test_scores": null, "test_raios": null, "validation_auc": 0.8551775760673114, "validation_time": null, "validation_scores": null, "validation_raios": null}{"train_time": 53.20252513885498, "train_auc": 0.8867687643604788, "train_ratios": null, "test_auc": 0.8563353213556887, "test_time": 0.19477510452270508, "test_scores": null, "test_raios": null, "validation_auc": 0.849207598248888, "validation_time": null, "validation_scores": null, "validation_raios": null}{"train_time": 52.546826124191284, "train_auc": 0.8818800744051103, "train_ratios": null, "test_auc": 0.8665275422346447, "test_time": 0.19312310218811035, "test_scores": null, "test_raios": null, "validation_auc": 0.8625468226876596, "validation_time": null, "validation_scores": null, "validation_raios": null}