{"train_time": 1452.8119659423828, "train_auc": 0.9162927235070224, "train_ratios": null, "test_auc": 0.8935034080004329, "test_time": 0.3593318462371826, "test_scores": null, "test_raios": null, "validation_auc": 0.8794310631043608, "validation_time": null, "validation_scores": null, "validation_raios": null}{"train_time": 1216.6315910816193, "train_auc": 0.9163836897407887, "train_ratios": null, "test_auc": 0.892104525805478, "test_time": 0.3635599613189697, "test_scores": null, "test_raios": null, "validation_auc": 0.8810864358840478, "validation_time": null, "validation_scores": null, "validation_raios": null}{"train_time": 3186.470879793167, "train_auc": 0.9155265393041834, "train_ratios": null, "test_auc": 0.8920034554774411, "test_time": 0.35768914222717285, "test_scores": null, "test_raios": null, "validation_auc": 0.8814071332467581, "validation_time": null, "validation_scores": null, "validation_raios": null}{"train_time": 48592.59092569351, "train_auc": 0.9146960791331942, "train_ratios": null, "test_auc": 0.8937443737093017, "test_time": 0.3447291851043701, "test_scores": null, "test_raios": null, "validation_auc": 0.8849048742210321, "validation_time": null, "validation_scores": null, "validation_raios": null}{"train_time": 1525.405438899994, "train_auc": 0.8969793126929261, "train_ratios": null, "test_auc": 0.8892356679113247, "test_time": 0.4105198383331299, "test_scores": null, "test_raios": null, "validation_auc": 0.8782951991925148, "validation_time": null, "validation_scores": null, "validation_raios": null}