{"train_time": 778.8929507732391, "train_auc": 0.9190712013748608, "train_ratios": null, "test_auc": 0.8907799995013587, "test_time": 0.20448517799377441, "test_scores": null, "test_raios": null, "validation_auc": 0.8845658660425203, "validation_time": null, "validation_scores": null, "validation_raios": null}{"train_time": 1570.3017659187317, "train_auc": 0.9197344251328531, "train_ratios": null, "test_auc": 0.8863513760110082, "test_time": 0.20340514183044434, "test_scores": null, "test_raios": null, "validation_auc": 0.8818530024097267, "validation_time": null, "validation_scores": null, "validation_raios": null}{"train_time": 763.519073009491, "train_auc": 0.9175512201689099, "train_ratios": null, "test_auc": 0.8871076476176886, "test_time": 0.18995213508605957, "test_scores": null, "test_raios": null, "validation_auc": 0.8822359357928398, "validation_time": null, "validation_scores": null, "validation_raios": null}{"train_time": 1524.1930849552155, "train_auc": 0.9150033257627235, "train_ratios": null, "test_auc": 0.8923286411549805, "test_time": 0.35906100273132324, "test_scores": null, "test_raios": null, "validation_auc": 0.878523062688017, "validation_time": null, "validation_scores": null, "validation_raios": null}{"train_time": 1955.7511250972748, "train_auc": 0.9166886203009527, "train_ratios": null, "test_auc": 0.8927763519940078, "test_time": 0.3383808135986328, "test_scores": null, "test_raios": null, "validation_auc": 0.8787198281284355, "validation_time": null, "validation_scores": null, "validation_raios": null}