{"train_time": 39.247546672821045, "train_auc": 0.8957115507573601, "train_ratios": null, "test_auc": 0.8635211522006787, "test_time": 0.23952794075012207, "test_scores": null, "test_raios": null, "validation_auc": 0.8611443903344435, "validation_time": null, "validation_scores": null, "validation_raios": null}{"train_time": 39.46287989616394, "train_auc": 0.8893007404475609, "train_ratios": null, "test_auc": 0.8741060954643277, "test_time": 0.20831894874572754, "test_scores": null, "test_raios": null, "validation_auc": 0.8643853249108193, "validation_time": null, "validation_scores": null, "validation_raios": null}{"train_time": 38.93747282028198, "train_auc": 0.902230490582675, "train_ratios": null, "test_auc": 0.8709100254996625, "test_time": 0.2361431121826172, "test_scores": null, "test_raios": null, "validation_auc": 0.8663912479089698, "validation_time": null, "validation_scores": null, "validation_raios": null}{"train_time": 38.97122406959534, "train_auc": 0.8949859137791282, "train_ratios": null, "test_auc": 0.8620659129404289, "test_time": 0.19360923767089844, "test_scores": null, "test_raios": null, "validation_auc": 0.8621527543489919, "validation_time": null, "validation_scores": null, "validation_raios": null}{"train_time": 31.181726217269897, "train_auc": 0.8976471265867549, "train_ratios": null, "test_auc": 0.8728180654524931, "test_time": 0.19051599502563477, "test_scores": null, "test_raios": null, "validation_auc": 0.8646107192931185, "validation_time": null, "validation_scores": null, "validation_raios": null}{"train_time": 31.293339729309082, "train_auc": 0.8948190243067294, "train_ratios": null, "test_auc": 0.8672182504802074, "test_time": 0.19464492797851562, "test_scores": null, "test_raios": null, "validation_auc": 0.8623002678987824, "validation_time": null, "validation_scores": null, "validation_raios": null}{"train_time": 32.003679037094116, "train_auc": 0.9062264868305292, "train_ratios": null, "test_auc": 0.8657173431123593, "test_time": 0.20809197425842285, "test_scores": null, "test_raios": null, "validation_auc": 0.8665561596605224, "validation_time": null, "validation_scores": null, "validation_raios": null}{"train_time": 31.26719093322754, "train_auc": 0.8995632823811212, "train_ratios": null, "test_auc": 0.8745568034552652, "test_time": 0.1899549961090088, "test_scores": null, "test_raios": null, "validation_auc": 0.8688454692730568, "validation_time": null, "validation_scores": null, "validation_raios": null}{"train_time": 31.841620922088623, "train_auc": 0.901358116845281, "train_ratios": null, "test_auc": 0.8682522997173128, "test_time": 0.20277810096740723, "test_scores": null, "test_raios": null, "validation_auc": 0.8655629854814016, "validation_time": null, "validation_scores": null, "validation_raios": null}{"train_time": 31.581664085388184, "train_auc": 0.8783381694309447, "train_ratios": null, "test_auc": 0.8650763584126872, "test_time": 0.2007429599761963, "test_scores": null, "test_raios": null, "validation_auc": 0.8634911760066905, "validation_time": null, "validation_scores": null, "validation_raios": null}{"train_time": 31.872059106826782, "train_auc": 0.8906601460818241, "train_ratios": null, "test_auc": 0.8673430725740443, "test_time": 0.20314908027648926, "test_scores": null, "test_raios": null, "validation_auc": 0.8637156497929032, "validation_time": null, "validation_scores": null, "validation_raios": null}{"train_time": 31.376734972000122, "train_auc": 0.8994007136510123, "train_ratios": null, "test_auc": 0.8695617713008646, "test_time": 0.2008349895477295, "test_scores": null, "test_raios": null, "validation_auc": 0.8673754369638591, "validation_time": null, "validation_scores": null, "validation_raios": null}