{"train_time": 30.754441261291504, "train_auc": 0.7687468215924766, "train_ratios": null, "test_auc": 0.7146229158521752, "test_time": 0.18064022064208984, "test_scores": null, "test_raios": null, "validation_auc": 0.712072353850316, "validation_time": null, "validation_scores": null, "validation_raios": null}{"train_time": 31.804550170898438, "train_auc": 0.8030890157052295, "train_ratios": null, "test_auc": 0.7688529687452756, "test_time": 0.20496392250061035, "test_scores": null, "test_raios": null, "validation_auc": 0.767447879361683, "validation_time": null, "validation_scores": null, "validation_raios": null}{"train_time": 30.706424951553345, "train_auc": 0.8034209868556814, "train_ratios": null, "test_auc": 0.7724541316402167, "test_time": 0.18468713760375977, "test_scores": null, "test_raios": null, "validation_auc": 0.7646574355534849, "validation_time": null, "validation_scores": null, "validation_raios": null}{"train_time": 30.983166933059692, "train_auc": 0.8286175026999552, "train_ratios": null, "test_auc": 0.7395891912623208, "test_time": 0.19053268432617188, "test_scores": null, "test_raios": null, "validation_auc": 0.7316622793788817, "validation_time": null, "validation_scores": null, "validation_raios": null}{"train_time": 31.03904104232788, "train_auc": 0.6877912145400817, "train_ratios": null, "test_auc": 0.7161922139828542, "test_time": 0.18652701377868652, "test_scores": null, "test_raios": null, "validation_auc": 0.7138102716386375, "validation_time": null, "validation_scores": null, "validation_raios": null}{"train_time": 31.12745499610901, "train_auc": 0.6898883038986767, "train_ratios": null, "test_auc": 0.6957564705326921, "test_time": 0.1904430389404297, "test_scores": null, "test_raios": null, "validation_auc": 0.7003455667604576, "validation_time": null, "validation_scores": null, "validation_raios": null}{"train_time": 30.572914838790894, "train_auc": 0.8205265278114362, "train_ratios": null, "test_auc": 0.7817022072299792, "test_time": 0.182326078414917, "test_scores": null, "test_raios": null, "validation_auc": 0.7822083791059384, "validation_time": null, "validation_scores": null, "validation_raios": null}{"train_time": 31.916072845458984, "train_auc": 0.9034988939308424, "train_ratios": null, "test_auc": 0.7993405682281741, "test_time": 0.1993730068206787, "test_scores": null, "test_raios": null, "validation_auc": 0.7920811628373773, "validation_time": null, "validation_scores": null, "validation_raios": null}{"train_time": 31.029564142227173, "train_auc": 0.7862015759887369, "train_ratios": null, "test_auc": 0.742406339002813, "test_time": 0.1897881031036377, "test_scores": null, "test_raios": null, "validation_auc": 0.733304779777452, "validation_time": null, "validation_scores": null, "validation_raios": null}{"train_time": 30.82119107246399, "train_auc": 0.7704687168549793, "train_ratios": null, "test_auc": 0.6730386743994955, "test_time": 0.1822493076324463, "test_scores": null, "test_raios": null, "validation_auc": 0.6842766445517846, "validation_time": null, "validation_scores": null, "validation_raios": null}