{"train_time": 628.9807531833649, "train_auc": 0.9068530121300913, "train_ratios": null, "test_auc": 0.8902992775537723, "test_time": 0.20536518096923828, "test_scores": null, "test_raios": null, "validation_auc": 0.8863578861453588, "validation_time": null, "validation_scores": null, "validation_raios": null}{"train_time": 650.5649681091309, "train_auc": 0.906043802382085, "train_ratios": null, "test_auc": 0.8931126218289205, "test_time": 0.195404052734375, "test_scores": null, "test_raios": null, "validation_auc": 0.8884600407020541, "validation_time": null, "validation_scores": null, "validation_raios": null}{"train_time": 1280.2150979042053, "train_auc": 0.9054025514077156, "train_ratios": null, "test_auc": 0.8912364922607172, "test_time": 0.18810582160949707, "test_scores": null, "test_raios": null, "validation_auc": 0.8863409562236872, "validation_time": null, "validation_scores": null, "validation_raios": null}{"train_time": 640.315160036087, "train_auc": 0.9069166176846821, "train_ratios": null, "test_auc": 0.8939573783779627, "test_time": 0.18156981468200684, "test_scores": null, "test_raios": null, "validation_auc": 0.8861099717478108, "validation_time": null, "validation_scores": null, "validation_raios": null}{"train_time": 647.8164331912994, "train_auc": 0.9078157329624619, "train_ratios": null, "test_auc": 0.8920427499956236, "test_time": 0.19144606590270996, "test_scores": null, "test_raios": null, "validation_auc": 0.8860547333219386, "validation_time": null, "validation_scores": null, "validation_raios": null}{"train_time": 759.2364177703857, "train_auc": 0.9083326217158383, "train_ratios": null, "test_auc": 0.8917987897871916, "test_time": 0.195051908493042, "test_scores": null, "test_raios": null, "validation_auc": 0.8876042614978195, "validation_time": null, "validation_scores": null, "validation_raios": null}{"train_time": 654.4824068546295, "train_auc": 0.9067903410425728, "train_ratios": null, "test_auc": 0.8922275098229665, "test_time": 0.19630694389343262, "test_scores": null, "test_raios": null, "validation_auc": 0.8864233548947933, "validation_time": null, "validation_scores": null, "validation_raios": null}{"train_time": 656.9152088165283, "train_auc": 0.907836285626394, "train_ratios": null, "test_auc": 0.8882341337939221, "test_time": 0.19257307052612305, "test_scores": null, "test_raios": null, "validation_auc": 0.8858917425830287, "validation_time": null, "validation_scores": null, "validation_raios": null}{"train_time": 693.7628591060638, "train_auc": 0.9056818270296024, "train_ratios": null, "test_auc": 0.8914210399003142, "test_time": 0.21283221244812012, "test_scores": null, "test_raios": null, "validation_auc": 0.8878154797646594, "validation_time": null, "validation_scores": null, "validation_raios": null}{"train_time": 1627.833869934082, "train_auc": 0.9066804848825007, "train_ratios": null, "test_auc": 0.893213501187986, "test_time": 0.1934669017791748, "test_scores": null, "test_raios": null, "validation_auc": 0.888882740643285, "validation_time": null, "validation_scores": null, "validation_raios": null}