{"train_time": 74.34668064117432, "test_auc": 0.5018058370727003, "test_time": 0.22037720680236816}