{"train_time": 152.84199619293213, "train_auc": 0.9039907108695514, "train_ratios": null, "test_auc": 0.8846784321235271, "test_time": 0.20017004013061523, "test_scores": null, "test_raios": null, "validation_auc": 0.8809912499736593, "validation_time": null, "validation_scores": null, "validation_raios": null}{"train_time": 151.96518921852112, "train_auc": 0.9059223163405771, "train_ratios": null, "test_auc": 0.8827184645245961, "test_time": 0.19372892379760742, "test_scores": null, "test_raios": null, "validation_auc": 0.8777040594349604, "validation_time": null, "validation_scores": null, "validation_raios": null}{"train_time": 152.5826930999756, "train_auc": 0.9050340914508093, "train_ratios": null, "test_auc": 0.8829440360125042, "test_time": 0.18736815452575684, "test_scores": null, "test_raios": null, "validation_auc": 0.8793890935012727, "validation_time": null, "validation_scores": null, "validation_raios": null}{"train_time": 150.37108612060547, "train_auc": 0.9096364340918636, "train_ratios": null, "test_auc": 0.8814873140903803, "test_time": 0.1917128562927246, "test_scores": null, "test_raios": null, "validation_auc": 0.8742671097305836, "validation_time": null, "validation_scores": null, "validation_raios": null}{"train_time": 153.58117508888245, "train_auc": 0.905974307054548, "train_ratios": null, "test_auc": 0.8803173214692093, "test_time": 0.19132304191589355, "test_scores": null, "test_raios": null, "validation_auc": 0.8793736721864827, "validation_time": null, "validation_scores": null, "validation_raios": null}{"train_time": 153.48271012306213, "train_auc": 0.9063221787290657, "train_ratios": null, "test_auc": 0.8789041802577338, "test_time": 0.1858229637145996, "test_scores": null, "test_raios": null, "validation_auc": 0.8728817296904263, "validation_time": null, "validation_scores": null, "validation_raios": null}{"train_time": 151.45077991485596, "train_auc": 0.9098910496314866, "train_ratios": null, "test_auc": 0.8830806530926629, "test_time": 0.19422101974487305, "test_scores": null, "test_raios": null, "validation_auc": 0.8774197548851724, "validation_time": null, "validation_scores": null, "validation_raios": null}{"train_time": 154.36149215698242, "train_auc": 0.9073394485029109, "train_ratios": null, "test_auc": 0.8795772000023341, "test_time": 0.19635486602783203, "test_scores": null, "test_raios": null, "validation_auc": 0.8748801947960034, "validation_time": null, "validation_scores": null, "validation_raios": null}{"train_time": 155.87228965759277, "train_auc": 0.9065970831076736, "train_ratios": null, "test_auc": 0.8802328521799374, "test_time": 0.19283604621887207, "test_scores": null, "test_raios": null, "validation_auc": 0.8745402527179936, "validation_time": null, "validation_scores": null, "validation_raios": null}{"train_time": 1387.95369887352, "train_auc": 0.9125323032296897, "train_ratios": null, "test_auc": 0.8819979677718641, "test_time": 0.1731572151184082, "test_scores": null, "test_raios": null, "validation_auc": 0.8797902658617642, "validation_time": null, "validation_scores": null, "validation_raios": null}