{"train_time": 36.58608675003052, "train_auc": 0.8704821502464373, "train_ratios": null, "test_auc": 0.8350146860443589, "test_time": 0.20446205139160156, "test_scores": null, "test_raios": null, "validation_auc": 0.8314572764659668, "validation_time": null, "validation_scores": null, "validation_raios": null}{"train_time": 35.0280020236969, "train_auc": 0.8252653379450311, "train_ratios": null, "test_auc": 0.7738835980463874, "test_time": 0.18451189994812012, "test_scores": null, "test_raios": null, "validation_auc": 0.7753531177769126, "validation_time": null, "validation_scores": null, "validation_raios": null}{"train_time": 34.851768016815186, "train_auc": 0.8453738394197237, "train_ratios": null, "test_auc": 0.7970574572587571, "test_time": 0.18478608131408691, "test_scores": null, "test_raios": null, "validation_auc": 0.7972613995870196, "validation_time": null, "validation_scores": null, "validation_raios": null}{"train_time": 36.17923712730408, "train_auc": 0.8766044315096647, "train_ratios": null, "test_auc": 0.8327292807949401, "test_time": 0.19991087913513184, "test_scores": null, "test_raios": null, "validation_auc": 0.8253566804305538, "validation_time": null, "validation_scores": null, "validation_raios": null}{"train_time": 35.26906609535217, "train_auc": 0.8793459696338123, "train_ratios": null, "test_auc": 0.826594248757243, "test_time": 0.19752216339111328, "test_scores": null, "test_raios": null, "validation_auc": 0.8236491928660508, "validation_time": null, "validation_scores": null, "validation_raios": null}{"train_time": 36.35968470573425, "train_auc": 0.8707351625296842, "train_ratios": null, "test_auc": 0.7973841149887831, "test_time": 0.20064568519592285, "test_scores": null, "test_raios": null, "validation_auc": 0.7960793834794615, "validation_time": null, "validation_scores": null, "validation_raios": null}{"train_time": 34.57201600074768, "train_auc": 0.836021675293895, "train_ratios": null, "test_auc": 0.8091361200303642, "test_time": 0.184128999710083, "test_scores": null, "test_raios": null, "validation_auc": 0.7946859096436537, "validation_time": null, "validation_scores": null, "validation_raios": null}{"train_time": 34.71573615074158, "train_auc": 0.8718949256316737, "train_ratios": null, "test_auc": 0.8182678239032678, "test_time": 0.18522882461547852, "test_scores": null, "test_raios": null, "validation_auc": 0.8123848403473531, "validation_time": null, "validation_scores": null, "validation_raios": null}{"train_time": 35.12382888793945, "train_auc": 0.8202735335153448, "train_ratios": null, "test_auc": 0.8254761042117675, "test_time": 0.1875782012939453, "test_scores": null, "test_raios": null, "validation_auc": 0.819756199549472, "validation_time": null, "validation_scores": null, "validation_raios": null}{"train_time": 35.18096899986267, "train_auc": 0.8756616642128885, "train_ratios": null, "test_auc": 0.8058064274851031, "test_time": 0.18458080291748047, "test_scores": null, "test_raios": null, "validation_auc": 0.7883463497460538, "validation_time": null, "validation_scores": null, "validation_raios": null}