{"train_time": 61.77422094345093, "train_auc": 0.8848005280260948, "train_ratios": null, "test_auc": 0.8651081388323202, "test_time": 0.17506098747253418, "test_scores": null, "test_raios": null, "validation_auc": 0.8581265326860569, "validation_time": null, "validation_scores": null, "validation_raios": null}{"train_time": 63.34884786605835, "train_auc": 0.8808895272344589, "train_ratios": null, "test_auc": 0.8631662469769877, "test_time": 0.19092607498168945, "test_scores": null, "test_raios": null, "validation_auc": 0.8574192541447577, "validation_time": null, "validation_scores": null, "validation_raios": null}{"train_time": 61.8291871547699, "train_auc": 0.900803693929562, "train_ratios": null, "test_auc": 0.8637332285479515, "test_time": 0.17854785919189453, "test_scores": null, "test_raios": null, "validation_auc": 0.8574863964633785, "validation_time": null, "validation_scores": null, "validation_raios": null}{"train_time": 62.26937818527222, "train_auc": 0.8926017347977301, "train_ratios": null, "test_auc": 0.8664615942832378, "test_time": 0.17639803886413574, "test_scores": null, "test_raios": null, "validation_auc": 0.858476415073255, "validation_time": null, "validation_scores": null, "validation_raios": null}{"train_time": 62.60972595214844, "train_auc": 0.8781550856821593, "train_ratios": null, "test_auc": 0.8542104918352807, "test_time": 0.18565607070922852, "test_scores": null, "test_raios": null, "validation_auc": 0.8540110291668255, "validation_time": null, "validation_scores": null, "validation_raios": null}{"train_time": 64.16570210456848, "train_auc": 0.8790919982658921, "train_ratios": null, "test_auc": 0.8632189384989731, "test_time": 0.1880967617034912, "test_scores": null, "test_raios": null, "validation_auc": 0.8497569493297529, "validation_time": null, "validation_scores": null, "validation_raios": null}{"train_time": 1900.170222043991, "train_auc": 0.8844547365986407, "train_ratios": null, "test_auc": 0.8660561220673664, "test_time": 0.17651724815368652, "test_scores": null, "test_raios": null, "validation_auc": 0.8609159680956517, "validation_time": null, "validation_scores": null, "validation_raios": null}{"train_time": 10123.05530667305, "train_auc": 0.8867334748185394, "train_ratios": null, "test_auc": 0.8593374490683101, "test_time": 0.16970419883728027, "test_scores": null, "test_raios": null, "validation_auc": 0.8558220758090125, "validation_time": null, "validation_scores": null, "validation_raios": null}{"train_time": 10902.828142166138, "train_auc": 0.8768000970714876, "train_ratios": null, "test_auc": 0.8604012602891166, "test_time": 0.1738581657409668, "test_scores": null, "test_raios": null, "validation_auc": 0.8547809614556529, "validation_time": null, "validation_scores": null, "validation_raios": null}{"train_time": 9026.218430042267, "train_auc": 0.8803604199339683, "train_ratios": null, "test_auc": 0.851349657290267, "test_time": 0.1771242618560791, "test_scores": null, "test_raios": null, "validation_auc": 0.8457164078745129, "validation_time": null, "validation_scores": null, "validation_raios": null}{"train_time": 65.0923810005188, "train_auc": 0.9277424822454156, "train_ratios": null, "test_auc": 0.8699829878474773, "test_time": 0.18923211097717285, "test_scores": null, "test_raios": null, "validation_auc": 0.8653796325406132, "validation_time": null, "validation_scores": null, "validation_raios": null}