{"train_time": 15.173546075820923, "train_auc": 0.8239094708187409, "train_ratios": null, "test_auc": 0.8294553750604072, "test_time": 0.1828141212463379, "test_scores": null, "test_raios": null, "validation_auc": 0.8207410005612975, "validation_time": null, "validation_scores": null, "validation_raios": null}{"train_time": 15.335498094558716, "train_auc": 0.8499750311791158, "train_ratios": null, "test_auc": 0.8053843250546515, "test_time": 0.18581104278564453, "test_scores": null, "test_raios": null, "validation_auc": 0.7988799139343765, "validation_time": null, "validation_scores": null, "validation_raios": null}{"train_time": 15.352866888046265, "train_auc": 0.8156461181090335, "train_ratios": null, "test_auc": 0.8127477066483194, "test_time": 0.18622994422912598, "test_scores": null, "test_raios": null, "validation_auc": 0.8070866715140751, "validation_time": null, "validation_scores": null, "validation_raios": null}