{"train_time": 37.463907957077026, "train_auc": 0.9371932914025894, "train_ratios": null, "test_auc": 0.8584231267667946, "test_time": 0.19631576538085938, "test_scores": null, "test_raios": null, "validation_auc": 0.8555023017030708, "validation_time": null, "validation_scores": null, "validation_raios": null}{"train_time": 37.142719984054565, "train_auc": 0.9287206889638034, "train_ratios": null, "test_auc": 0.8610767918061579, "test_time": 0.18625426292419434, "test_scores": null, "test_raios": null, "validation_auc": 0.8589067777795988, "validation_time": null, "validation_scores": null, "validation_raios": null}{"train_time": 37.33956789970398, "train_auc": 0.9501178714004492, "train_ratios": null, "test_auc": 0.8705199315906706, "test_time": 0.1908707618713379, "test_scores": null, "test_raios": null, "validation_auc": 0.8639162918474778, "validation_time": null, "validation_scores": null, "validation_raios": null}{"train_time": 126.75048804283142, "train_auc": 0.9452363194275638, "train_ratios": null, "test_auc": 0.8436907671276621, "test_time": 0.18712496757507324, "test_scores": null, "test_raios": null, "validation_auc": 0.8456661874955167, "validation_time": null, "validation_scores": null, "validation_raios": null}{"train_time": 129.50614976882935, "train_auc": 0.9432839597042153, "train_ratios": null, "test_auc": 0.8644237776527048, "test_time": 0.2014479637145996, "test_scores": null, "test_raios": null, "validation_auc": 0.8596955024677296, "validation_time": null, "validation_scores": null, "validation_raios": null}{"train_time": 126.217777967453, "train_auc": 0.9536109396990321, "train_ratios": null, "test_auc": 0.8623147826428302, "test_time": 0.20275592803955078, "test_scores": null, "test_raios": null, "validation_auc": 0.8600673461268873, "validation_time": null, "validation_scores": null, "validation_raios": null}