{"train_time": 96.47420811653137, "train_auc": 0.9236011826343453, "train_ratios": null, "test_auc": 0.8633255124466679, "test_time": 0.20284008979797363, "test_scores": null, "test_raios": null, "validation_auc": 0.8596649897627586, "validation_time": null, "validation_scores": null, "validation_raios": null}{"train_time": 94.88988304138184, "train_auc": 0.9213506415165568, "train_ratios": null, "test_auc": 0.8501530191929121, "test_time": 0.18663668632507324, "test_scores": null, "test_raios": null, "validation_auc": 0.852099403411165, "validation_time": null, "validation_scores": null, "validation_raios": null}{"train_time": 96.45630693435669, "train_auc": 0.9232517819330438, "train_ratios": null, "test_auc": 0.8676848062434123, "test_time": 0.19284296035766602, "test_scores": null, "test_raios": null, "validation_auc": 0.8643714521131457, "validation_time": null, "validation_scores": null, "validation_raios": null}{"train_time": 96.45501708984375, "train_auc": 0.9204082219560874, "train_ratios": null, "test_auc": 0.8590196607860601, "test_time": 0.20014715194702148, "test_scores": null, "test_raios": null, "validation_auc": 0.854780094073213, "validation_time": null, "validation_scores": null, "validation_raios": null}{"train_time": 94.78137516975403, "train_auc": 0.9324333443586621, "train_ratios": null, "test_auc": 0.8661846441850214, "test_time": 0.19448399543762207, "test_scores": null, "test_raios": null, "validation_auc": 0.8588029952045991, "validation_time": null, "validation_scores": null, "validation_raios": null}{"train_time": 94.69516205787659, "train_auc": 0.9294394723215292, "train_ratios": null, "test_auc": 0.8534979468183244, "test_time": 0.19274282455444336, "test_scores": null, "test_raios": null, "validation_auc": 0.8531735927065802, "validation_time": null, "validation_scores": null, "validation_raios": null}{"train_time": 94.88772773742676, "train_auc": 0.9275684155685091, "train_ratios": null, "test_auc": 0.8675049638670792, "test_time": 0.19855999946594238, "test_scores": null, "test_raios": null, "validation_auc": 0.8649155377036779, "validation_time": null, "validation_scores": null, "validation_raios": null}{"train_time": 95.7728328704834, "train_auc": 0.9259378800355774, "train_ratios": null, "test_auc": 0.8648896597198166, "test_time": 0.19605517387390137, "test_scores": null, "test_raios": null, "validation_auc": 0.8588535508295687, "validation_time": null, "validation_scores": null, "validation_raios": null}{"train_time": 96.47651410102844, "train_auc": 0.9311406704551766, "train_ratios": null, "test_auc": 0.8593171347439928, "test_time": 0.20586705207824707, "test_scores": null, "test_raios": null, "validation_auc": 0.8562442436137769, "validation_time": null, "validation_scores": null, "validation_raios": null}{"train_time": 94.25585699081421, "train_auc": 0.9285555620599402, "train_ratios": null, "test_auc": 0.8590120485506781, "test_time": 0.18640875816345215, "test_scores": null, "test_raios": null, "validation_auc": 0.8588186799269398, "validation_time": null, "validation_scores": null, "validation_raios": null}