{"train_time": 248.88209986686707, "train_auc": 0.9268993517431704, "train_ratios": null, "test_auc": 0.8836281478715182, "test_time": 0.19735312461853027, "test_scores": null, "test_raios": null, "validation_auc": 0.8793344883177954, "validation_time": null, "validation_scores": null, "validation_raios": null}{"train_time": 253.29487299919128, "train_auc": 0.9228906610409259, "train_ratios": null, "test_auc": 0.8816725009455616, "test_time": 0.18259406089782715, "test_scores": null, "test_raios": null, "validation_auc": 0.8790791931874612, "validation_time": null, "validation_scores": null, "validation_raios": null}{"train_time": 254.73662996292114, "train_auc": 0.9235463157097777, "train_ratios": null, "test_auc": 0.8768335222688388, "test_time": 0.19022631645202637, "test_scores": null, "test_raios": null, "validation_auc": 0.8767962665518387, "validation_time": null, "validation_scores": null, "validation_raios": null}