{"train_time": 419.0629165172577, "test_auc": 0.8614437304855422, "test_time": 1.5939419269561768}