{"train_time": 90394.33529806137, "train_auc": 0.5588855328806593, "train_ratios": null, "test_auc": 0.8905563005703077, "test_time": 0.19515514373779297, "test_scores": null, "test_raios": null, "validation_auc": 0.8842276613900726, "validation_time": null, "validation_scores": null, "validation_raios": null}{"train_time": 13272.908739805222, "train_auc": 0.5590617175640128, "train_ratios": null, "test_auc": 0.8890861842967275, "test_time": 0.1821439266204834, "test_scores": null, "test_raios": null, "validation_auc": 0.8841327734761049, "validation_time": null, "validation_scores": null, "validation_raios": null}{"train_time": 1202.9816541671753, "train_auc": 0.5603888446855166, "train_ratios": null, "test_auc": 0.8912249439426498, "test_time": 0.18404197692871094, "test_scores": null, "test_raios": null, "validation_auc": 0.8830664092474249, "validation_time": null, "validation_scores": null, "validation_raios": null}