{"train_time": 29.326417922973633, "train_auc": 0.8951605720078402, "train_ratios": null, "test_auc": 0.8655613824668205, "test_time": 0.18597078323364258, "test_scores": null, "test_raios": null, "validation_auc": 0.8604587298370832, "validation_time": null, "validation_scores": null, "validation_raios": null}{"train_time": 30.067753076553345, "train_auc": 0.9086617609420072, "train_ratios": null, "test_auc": 0.8605674722551262, "test_time": 0.20526599884033203, "test_scores": null, "test_raios": null, "validation_auc": 0.8605960689376406, "validation_time": null, "validation_scores": null, "validation_raios": null}{"train_time": 29.86693811416626, "train_auc": 0.8764203253358719, "train_ratios": null, "test_auc": 0.8583316897624188, "test_time": 0.2061767578125, "test_scores": null, "test_raios": null, "validation_auc": 0.8544185020230765, "validation_time": null, "validation_scores": null, "validation_raios": null}{"train_time": 29.10867214202881, "train_auc": 0.9002784137519312, "train_ratios": null, "test_auc": 0.8638540217269642, "test_time": 0.18442797660827637, "test_scores": null, "test_raios": null, "validation_auc": 0.860466067998952, "validation_time": null, "validation_scores": null, "validation_raios": null}{"train_time": 29.140112161636353, "train_auc": 0.8994926504347572, "train_ratios": null, "test_auc": 0.8580561586697525, "test_time": 0.18435192108154297, "test_scores": null, "test_raios": null, "validation_auc": 0.8519947082221258, "validation_time": null, "validation_scores": null, "validation_raios": null}{"train_time": 29.263468027114868, "train_auc": 0.9110909815280908, "train_ratios": null, "test_auc": 0.8752824245420591, "test_time": 0.18828320503234863, "test_scores": null, "test_raios": null, "validation_auc": 0.8720266316208686, "validation_time": null, "validation_scores": null, "validation_raios": null}{"train_time": 29.416577100753784, "train_auc": 0.9097644306494257, "train_ratios": null, "test_auc": 0.8700727114358053, "test_time": 0.18764376640319824, "test_scores": null, "test_raios": null, "validation_auc": 0.8647936385426869, "validation_time": null, "validation_scores": null, "validation_raios": null}{"train_time": 29.130117893218994, "train_auc": 0.9033681540966939, "train_ratios": null, "test_auc": 0.871271078863289, "test_time": 0.18487811088562012, "test_scores": null, "test_raios": null, "validation_auc": 0.8658399492086385, "validation_time": null, "validation_scores": null, "validation_raios": null}{"train_time": 29.652245044708252, "train_auc": 0.903498802186456, "train_ratios": null, "test_auc": 0.8557675944752677, "test_time": 0.19383788108825684, "test_scores": null, "test_raios": null, "validation_auc": 0.850347187115997, "validation_time": null, "validation_scores": null, "validation_raios": null}{"train_time": 29.99051809310913, "train_auc": 0.906881431783174, "train_ratios": null, "test_auc": 0.8625616286046057, "test_time": 0.20955395698547363, "test_scores": null, "test_raios": null, "validation_auc": 0.8609930001704964, "validation_time": null, "validation_scores": null, "validation_raios": null}