{"train_time": 6195.427197933197, "train_auc": 0.9157500278645672, "train_ratios": null, "test_auc": 0.8833941207019382, "test_time": 0.17838501930236816, "test_scores": null, "test_raios": null, "validation_auc": 0.8807684870061853, "validation_time": null, "validation_scores": null, "validation_raios": null}{"train_time": 154.4504611492157, "train_auc": 0.9141189968927026, "train_ratios": null, "test_auc": 0.8759320771111487, "test_time": 0.2156820297241211, "test_scores": null, "test_raios": null, "validation_auc": 0.8729814680282832, "validation_time": null, "validation_scores": null, "validation_raios": null}{"train_time": 160.0003800392151, "train_auc": 0.914937786382422, "train_ratios": null, "test_auc": 0.8808570289577923, "test_time": 0.1899721622467041, "test_scores": null, "test_raios": null, "validation_auc": 0.875070899202072, "validation_time": null, "validation_scores": null, "validation_raios": null}{"train_time": 158.77520108222961, "train_auc": 0.9148081789685651, "train_ratios": null, "test_auc": 0.8814404683407926, "test_time": 0.18013811111450195, "test_scores": null, "test_raios": null, "validation_auc": 0.8756176162074293, "validation_time": null, "validation_scores": null, "validation_raios": null}{"train_time": 156.50435614585876, "train_auc": 0.910953372454509, "train_ratios": null, "test_auc": 0.8857630112199576, "test_time": 0.19881916046142578, "test_scores": null, "test_raios": null, "validation_auc": 0.8781704264946063, "validation_time": null, "validation_scores": null, "validation_raios": null}{"train_time": 163.16705203056335, "train_auc": 0.9151297864939792, "train_ratios": null, "test_auc": 0.8840248938663419, "test_time": 0.2315349578857422, "test_scores": null, "test_raios": null, "validation_auc": 0.8778097390764623, "validation_time": null, "validation_scores": null, "validation_raios": null}{"train_time": 152.69963598251343, "train_auc": 0.9158442242589814, "train_ratios": null, "test_auc": 0.8843552754913074, "test_time": 0.19791531562805176, "test_scores": null, "test_raios": null, "validation_auc": 0.8770833195864746, "validation_time": null, "validation_scores": null, "validation_raios": null}{"train_time": 151.4324758052826, "train_auc": 0.9097045655557571, "train_ratios": null, "test_auc": 0.8778079149212015, "test_time": 0.18160700798034668, "test_scores": null, "test_raios": null, "validation_auc": 0.8754604763089652, "validation_time": null, "validation_scores": null, "validation_raios": null}{"train_time": 152.65907287597656, "train_auc": 0.9131510864752611, "train_ratios": null, "test_auc": 0.8697804440346865, "test_time": 0.19257616996765137, "test_scores": null, "test_raios": null, "validation_auc": 0.8670383817261783, "validation_time": null, "validation_scores": null, "validation_raios": null}