{"train_time": 28.123379230499268, "train_auc": 0.8917279758958219, "train_ratios": null, "test_auc": 0.8585588234826057, "test_time": 0.1849510669708252, "test_scores": null, "test_raios": null, "validation_auc": 0.8567489298203528, "validation_time": null, "validation_scores": null, "validation_raios": null}{"train_time": 28.026215076446533, "train_auc": 0.891976231303641, "train_ratios": null, "test_auc": 0.8553339835119512, "test_time": 0.18672919273376465, "test_scores": null, "test_raios": null, "validation_auc": 0.8508013123762384, "validation_time": null, "validation_scores": null, "validation_raios": null}{"train_time": 28.433758020401, "train_auc": 0.8847802085099707, "train_ratios": null, "test_auc": 0.8663103946002463, "test_time": 0.20513510704040527, "test_scores": null, "test_raios": null, "validation_auc": 0.8619380159994278, "validation_time": null, "validation_scores": null, "validation_raios": null}{"train_time": 28.799360036849976, "train_auc": 0.8977199874862075, "train_ratios": null, "test_auc": 0.8608443480876313, "test_time": 0.19749116897583008, "test_scores": null, "test_raios": null, "validation_auc": 0.8529964019060703, "validation_time": null, "validation_scores": null, "validation_raios": null}{"train_time": 28.223971843719482, "train_auc": 0.8879251960013513, "train_ratios": null, "test_auc": 0.8687653272492034, "test_time": 0.18759775161743164, "test_scores": null, "test_raios": null, "validation_auc": 0.8661568072067454, "validation_time": null, "validation_scores": null, "validation_raios": null}{"train_time": 28.820500135421753, "train_auc": 0.8868355911648853, "train_ratios": null, "test_auc": 0.8627065979249099, "test_time": 0.19992923736572266, "test_scores": null, "test_raios": null, "validation_auc": 0.860010096225173, "validation_time": null, "validation_scores": null, "validation_raios": null}{"train_time": 28.235921144485474, "train_auc": 0.8916452684732825, "train_ratios": null, "test_auc": 0.8702885116780178, "test_time": 0.19270086288452148, "test_scores": null, "test_raios": null, "validation_auc": 0.8649957306691317, "validation_time": null, "validation_scores": null, "validation_raios": null}{"train_time": 27.952271938323975, "train_auc": 0.8751848626070318, "train_ratios": null, "test_auc": 0.8712510297736541, "test_time": 0.18801116943359375, "test_scores": null, "test_raios": null, "validation_auc": 0.8639785864028917, "validation_time": null, "validation_scores": null, "validation_raios": null}{"train_time": 28.042022943496704, "train_auc": 0.8774016509657849, "train_ratios": null, "test_auc": 0.8617649034041812, "test_time": 0.1877751350402832, "test_scores": null, "test_raios": null, "validation_auc": 0.8539617320445981, "validation_time": null, "validation_scores": null, "validation_raios": null}{"train_time": 28.30591893196106, "train_auc": 0.8927290528210836, "train_ratios": null, "test_auc": 0.8619807911738385, "test_time": 0.19194698333740234, "test_scores": null, "test_raios": null, "validation_auc": 0.8628427783653746, "validation_time": null, "validation_scores": null, "validation_raios": null}