{"train_time": 95.45414280891418, "train_auc": 0.9057330062089773, "train_ratios": null, "test_auc": 0.8729962050221658, "test_time": 0.18262672424316406, "test_scores": null, "test_raios": null, "validation_auc": 0.8669197419010426, "validation_time": null, "validation_scores": null, "validation_raios": null}{"train_time": 95.77441835403442, "train_auc": 0.9043820396582471, "train_ratios": null, "test_auc": 0.8751564195015392, "test_time": 0.2115950584411621, "test_scores": null, "test_raios": null, "validation_auc": 0.872005425982691, "validation_time": null, "validation_scores": null, "validation_raios": null}{"train_time": 92.5214729309082, "train_auc": 0.9050019625449871, "train_ratios": null, "test_auc": 0.8739646723317258, "test_time": 0.1922299861907959, "test_scores": null, "test_raios": null, "validation_auc": 0.8710041633292841, "validation_time": null, "validation_scores": null, "validation_raios": null}{"train_time": 93.06633496284485, "train_auc": 0.9058368525919792, "train_ratios": null, "test_auc": 0.8717302849734474, "test_time": 0.19555306434631348, "test_scores": null, "test_raios": null, "validation_auc": 0.8698304405685516, "validation_time": null, "validation_scores": null, "validation_raios": null}{"train_time": 93.31150007247925, "train_auc": 0.909226736125731, "train_ratios": null, "test_auc": 0.8756988376885753, "test_time": 0.20021295547485352, "test_scores": null, "test_raios": null, "validation_auc": 0.8718902131163975, "validation_time": null, "validation_scores": null, "validation_raios": null}{"train_time": 93.55414295196533, "train_auc": 0.9041759750853936, "train_ratios": null, "test_auc": 0.8743763881720183, "test_time": 0.19532990455627441, "test_scores": null, "test_raios": null, "validation_auc": 0.86826329867564, "validation_time": null, "validation_scores": null, "validation_raios": null}{"train_time": 91.92428207397461, "train_auc": 0.9026094811290213, "train_ratios": null, "test_auc": 0.8793874378488833, "test_time": 0.18486404418945312, "test_scores": null, "test_raios": null, "validation_auc": 0.8707706006522291, "validation_time": null, "validation_scores": null, "validation_raios": null}{"train_time": 93.16217875480652, "train_auc": 0.8991840311456696, "train_ratios": null, "test_auc": 0.8707244248783768, "test_time": 0.19472193717956543, "test_scores": null, "test_raios": null, "validation_auc": 0.8667447142352678, "validation_time": null, "validation_scores": null, "validation_raios": null}{"train_time": 91.76499915122986, "train_auc": 0.9048169197132494, "train_ratios": null, "test_auc": 0.8765303855504389, "test_time": 0.19100379943847656, "test_scores": null, "test_raios": null, "validation_auc": 0.872483901807625, "validation_time": null, "validation_scores": null, "validation_raios": null}{"train_time": 94.01421999931335, "train_auc": 0.908440904010414, "train_ratios": null, "test_auc": 0.8739229270450786, "test_time": 0.1924891471862793, "test_scores": null, "test_raios": null, "validation_auc": 0.867978004352025, "validation_time": null, "validation_scores": null, "validation_raios": null}{"train_time": 91.60353994369507, "train_auc": 0.9063468880049133, "train_ratios": null, "test_auc": 0.8734483373233473, "test_time": 0.19072484970092773, "test_scores": null, "test_raios": null, "validation_auc": 0.8722079863892264, "validation_time": null, "validation_scores": null, "validation_raios": null}