{"train_time": 90394.33529806137, "train_auc": 0.5588855328806593, "train_ratios": null, "test_auc": 0.8905563005703077, "test_time": 0.19515514373779297, "test_scores": null, "test_raios": null, "validation_auc": 0.8842276613900726, "validation_time": null, "validation_scores": null, "validation_raios": null}{"train_time": 13272.908739805222, "train_auc": 0.5590617175640128, "train_ratios": null, "test_auc": 0.8890861842967275, "test_time": 0.1821439266204834, "test_scores": null, "test_raios": null, "validation_auc": 0.8841327734761049, "validation_time": null, "validation_scores": null, "validation_raios": null}{"train_time": 1202.9816541671753, "train_auc": 0.5603888446855166, "train_ratios": null, "test_auc": 0.8912249439426498, "test_time": 0.18404197692871094, "test_scores": null, "test_raios": null, "validation_auc": 0.8830664092474249, "validation_time": null, "validation_scores": null, "validation_raios": null}{"train_time": 63.95260310173035, "train_auc": 0.883914568815519, "train_ratios": null, "test_auc": 0.8633534787915697, "test_time": 0.19811797142028809, "test_scores": null, "test_raios": null, "validation_auc": 0.8533833342947265, "validation_time": null, "validation_scores": null, "validation_raios": null}{"train_time": 64.10882687568665, "train_auc": 0.8816441391035902, "train_ratios": null, "test_auc": 0.8550940601753837, "test_time": 0.2010030746459961, "test_scores": null, "test_raios": null, "validation_auc": 0.8529602166263698, "validation_time": null, "validation_scores": null, "validation_raios": null}{"train_time": 62.81997895240784, "train_auc": 0.8992518517494915, "train_ratios": null, "test_auc": 0.862867125911678, "test_time": 0.19414901733398438, "test_scores": null, "test_raios": null, "validation_auc": 0.8572973443410372, "validation_time": null, "validation_scores": null, "validation_raios": null}{"train_time": 62.890965938568115, "train_auc": 0.8926992754861982, "train_ratios": null, "test_auc": 0.8625496320399253, "test_time": 0.20318198204040527, "test_scores": null, "test_raios": null, "validation_auc": 0.8546924618399621, "validation_time": null, "validation_scores": null, "validation_raios": null}{"train_time": 63.87604784965515, "train_auc": 0.867912513995, "train_ratios": null, "test_auc": 0.8545582065467346, "test_time": 0.18887805938720703, "test_scores": null, "test_raios": null, "validation_auc": 0.8486793357361778, "validation_time": null, "validation_scores": null, "validation_raios": null}{"train_time": 62.83678078651428, "train_auc": 0.8848029571820444, "train_ratios": null, "test_auc": 0.867648307298781, "test_time": 0.21061491966247559, "test_scores": null, "test_raios": null, "validation_auc": 0.8578595278927844, "validation_time": null, "validation_scores": null, "validation_raios": null}{"train_time": 64.39922499656677, "train_auc": 0.8850644858552161, "train_ratios": null, "test_auc": 0.8628931613480925, "test_time": 0.2147080898284912, "test_scores": null, "test_raios": null, "validation_auc": 0.8610371648365075, "validation_time": null, "validation_scores": null, "validation_raios": null}{"train_time": 62.823227882385254, "train_auc": 0.8892544348489637, "train_ratios": null, "test_auc": 0.8704755180431198, "test_time": 0.18547916412353516, "test_scores": null, "test_raios": null, "validation_auc": 0.865781531267381, "validation_time": null, "validation_scores": null, "validation_raios": null}{"train_time": 65.38713431358337, "train_auc": 0.8813622763637571, "train_ratios": null, "test_auc": 0.8595114721957136, "test_time": 0.2151012420654297, "test_scores": null, "test_raios": null, "validation_auc": 0.8531333286008664, "validation_time": null, "validation_scores": null, "validation_raios": null}{"train_time": 62.91232204437256, "train_auc": 0.8786704900681057, "train_ratios": null, "test_auc": 0.8620882191772101, "test_time": 0.18972301483154297, "test_scores": null, "test_raios": null, "validation_auc": 0.8538068084945156, "validation_time": null, "validation_scores": null, "validation_raios": null}