{"train_time": 29.7921462059021, "train_auc": 0.8863222515570928, "train_ratios": null, "test_auc": 0.8606713461137551, "test_time": 0.19514203071594238, "test_scores": null, "test_raios": null, "validation_auc": 0.859390553683736, "validation_time": null, "validation_scores": null, "validation_raios": null}{"train_time": 30.098875999450684, "train_auc": 0.9012737216209921, "train_ratios": null, "test_auc": 0.8631938207745595, "test_time": 0.20934104919433594, "test_scores": null, "test_raios": null, "validation_auc": 0.862173443814797, "validation_time": null, "validation_scores": null, "validation_raios": null}{"train_time": 30.073072910308838, "train_auc": 0.9215482290617976, "train_ratios": null, "test_auc": 0.8642383308675348, "test_time": 0.19762110710144043, "test_scores": null, "test_raios": null, "validation_auc": 0.8606647384879192, "validation_time": null, "validation_scores": null, "validation_raios": null}