{"train_time": 180.2931981086731, "train_auc": 0.5757839668545546, "train_ratios": null, "test_auc": 0.4971114988252756, "test_time": 0.3842458724975586, "test_scores": null, "test_raios": null, "validation_auc": 0.4914520285361373, "validation_time": null, "validation_scores": null, "validation_raios": null}{"train_time": 185.26691484451294, "train_auc": 0.5706739839508145, "train_ratios": null, "test_auc": 0.5022863415278471, "test_time": 0.3791208267211914, "test_scores": null, "test_raios": null, "validation_auc": 0.48360583864387785, "validation_time": null, "validation_scores": null, "validation_raios": null}{"train_time": 187.77424836158752, "train_auc": 0.5832100141856307, "train_ratios": null, "test_auc": 0.47869304814593006, "test_time": 0.3898608684539795, "test_scores": null, "test_raios": null, "validation_auc": 0.46484459859137095, "validation_time": null, "validation_scores": null, "validation_raios": null}{"train_time": 182.1881721019745, "train_auc": 0.5718324653788938, "train_ratios": null, "test_auc": 0.4771261371273917, "test_time": 0.40613579750061035, "test_scores": null, "test_raios": null, "validation_auc": 0.4737891899882568, "validation_time": null, "validation_scores": null, "validation_raios": null}{"train_time": 163.51390886306763, "train_auc": 0.5866239200143637, "train_ratios": null, "test_auc": 0.48057321458599783, "test_time": 0.28624773025512695, "test_scores": null, "test_raios": null, "validation_auc": 0.4762120019974274, "validation_time": null, "validation_scores": null, "validation_raios": null}{"train_time": 167.85654091835022, "train_auc": 0.5675034815124879, "train_ratios": null, "test_auc": 0.49558460641560265, "test_time": 0.28937697410583496, "test_scores": null, "test_raios": null, "validation_auc": 0.48292975128154425, "validation_time": null, "validation_scores": null, "validation_raios": null}{"train_time": 142.52544403076172, "train_auc": 0.56929869438069, "train_ratios": null, "test_auc": 0.49925995014648916, "test_time": 0.2806687355041504, "test_scores": null, "test_raios": null, "validation_auc": 0.48974412058382605, "validation_time": null, "validation_scores": null, "validation_raios": null}{"train_time": 139.0036940574646, "train_auc": 0.5841091880027467, "train_ratios": null, "test_auc": 0.48516426779578836, "test_time": 0.27316808700561523, "test_scores": null, "test_raios": null, "validation_auc": 0.4738681457364268, "validation_time": null, "validation_scores": null, "validation_raios": null}{"train_time": 88.90423917770386, "train_auc": 0.5849430145526204, "train_ratios": null, "test_auc": 0.4911723107722944, "test_time": 0.1938920021057129, "test_scores": null, "test_raios": null, "validation_auc": 0.48067450904557496, "validation_time": null, "validation_scores": null, "validation_raios": null}{"train_time": 87.52056694030762, "train_auc": 0.5860476912722082, "train_ratios": null, "test_auc": 0.4916237004163654, "test_time": 0.17969799041748047, "test_scores": null, "test_raios": null, "validation_auc": 0.5005943219336222, "validation_time": null, "validation_scores": null, "validation_raios": null}{"train_time": 87.23012781143188, "train_auc": 0.5808210012859781, "train_ratios": null, "test_auc": 0.4944060864993955, "test_time": 0.1821889877319336, "test_scores": null, "test_raios": null, "validation_auc": 0.49090990652916544, "validation_time": null, "validation_scores": null, "validation_raios": null}{"train_time": 87.4523458480835, "train_auc": 0.5818489144649688, "train_ratios": null, "test_auc": 0.4687360188168093, "test_time": 0.17867183685302734, "test_scores": null, "test_raios": null, "validation_auc": 0.47882451001406334, "validation_time": null, "validation_scores": null, "validation_raios": null}{"train_time": 87.06061697006226, "train_auc": 0.5797765438760502, "train_ratios": null, "test_auc": 0.4740529159105268, "test_time": 0.17999601364135742, "test_scores": null, "test_raios": null, "validation_auc": 0.4726404350705177, "validation_time": null, "validation_scores": null, "validation_raios": null}{"train_time": 88.36968898773193, "train_auc": 0.5798563598091047, "train_ratios": null, "test_auc": 0.47048835540174305, "test_time": 0.19192004203796387, "test_scores": null, "test_raios": null, "validation_auc": 0.4677161027474631, "validation_time": null, "validation_scores": null, "validation_raios": null}