{"train_time": 13726.69106388092, "train_auc": 0.9081079806530911, "train_ratios": null, "test_auc": 0.8906745289299426, "test_time": 0.1791248321533203, "test_scores": null, "test_raios": null, "validation_auc": 0.8879863727300921, "validation_time": null, "validation_scores": null, "validation_raios": null}{"train_time": 667.8902628421783, "train_auc": 0.9074529864092904, "train_ratios": null, "test_auc": 0.889766004658582, "test_time": 0.1887202262878418, "test_scores": null, "test_raios": null, "validation_auc": 0.8867665376838824, "validation_time": null, "validation_scores": null, "validation_raios": null}{"train_time": 978.7280881404877, "train_auc": 0.9079346227698878, "train_ratios": null, "test_auc": 0.891152569354891, "test_time": 0.18662095069885254, "test_scores": null, "test_raios": null, "validation_auc": 0.8862986779814489, "validation_time": null, "validation_scores": null, "validation_raios": null}{"train_time": 655.0189499855042, "train_auc": 0.907026113035785, "train_ratios": null, "test_auc": 0.8899024334221162, "test_time": 0.20510387420654297, "test_scores": null, "test_raios": null, "validation_auc": 0.8861043763328688, "validation_time": null, "validation_scores": null, "validation_raios": null}{"train_time": 648.6579840183258, "train_auc": 0.9078559928844678, "train_ratios": null, "test_auc": 0.8925353650663644, "test_time": 0.1856379508972168, "test_scores": null, "test_raios": null, "validation_auc": 0.8856923058175501, "validation_time": null, "validation_scores": null, "validation_raios": null}{"train_time": 643.9824290275574, "train_auc": 0.9073877185466166, "train_ratios": null, "test_auc": 0.8932660043933471, "test_time": 0.185014009475708, "test_scores": null, "test_raios": null, "validation_auc": 0.8871647513656218, "validation_time": null, "validation_scores": null, "validation_raios": null}{"train_time": 640.2928838729858, "train_auc": 0.9076372064563437, "train_ratios": null, "test_auc": 0.8930718923911066, "test_time": 0.18615198135375977, "test_scores": null, "test_raios": null, "validation_auc": 0.8882115303116639, "validation_time": null, "validation_scores": null, "validation_raios": null}{"train_time": 830.5207898616791, "train_auc": 0.9078235088511334, "train_ratios": null, "test_auc": 0.891210406429713, "test_time": 0.1828901767730713, "test_scores": null, "test_raios": null, "validation_auc": 0.8868274779519898, "validation_time": null, "validation_scores": null, "validation_raios": null}{"train_time": 1900.2167837619781, "train_auc": 0.9063420582403908, "train_ratios": null, "test_auc": 0.8900790956346084, "test_time": 0.19333934783935547, "test_scores": null, "test_raios": null, "validation_auc": 0.8846184677322027, "validation_time": null, "validation_scores": null, "validation_raios": null}{"train_time": 637.751855134964, "train_auc": 0.9094205532947948, "train_ratios": null, "test_auc": 0.8902395042657696, "test_time": 0.18522977828979492, "test_scores": null, "test_raios": null, "validation_auc": 0.8868220687848111, "validation_time": null, "validation_scores": null, "validation_raios": null}