{"train_time": 764.147322177887, "train_auc": 0.911071799405134, "train_ratios": null, "test_auc": 0.8882011545135251, "test_time": 0.20528316497802734, "test_scores": null, "test_raios": null, "validation_auc": 0.8844150426039098, "validation_time": null, "validation_scores": null, "validation_raios": null}{"train_time": 764.4144027233124, "train_auc": 0.9111186334939892, "train_ratios": null, "test_auc": 0.8921494618653532, "test_time": 0.18895506858825684, "test_scores": null, "test_raios": null, "validation_auc": 0.8842800342610744, "validation_time": null, "validation_scores": null, "validation_raios": null}{"train_time": 2585.706881046295, "train_auc": 0.9129761578087648, "train_ratios": null, "test_auc": 0.8893313407135768, "test_time": 0.19632792472839355, "test_scores": null, "test_raios": null, "validation_auc": 0.8840855197579077, "validation_time": null, "validation_scores": null, "validation_raios": null}{"train_time": 763.1217937469482, "train_auc": 0.9100772152356579, "train_ratios": null, "test_auc": 0.8877048022861108, "test_time": 0.19509100914001465, "test_scores": null, "test_raios": null, "validation_auc": 0.8831678983142556, "validation_time": null, "validation_scores": null, "validation_raios": null}{"train_time": 783.5009558200836, "train_auc": 0.912260677937413, "train_ratios": null, "test_auc": 0.8906407884260071, "test_time": 0.2069401741027832, "test_scores": null, "test_raios": null, "validation_auc": 0.8846095331609352, "validation_time": null, "validation_scores": null, "validation_raios": null}{"train_time": 790.4379630088806, "train_auc": 0.9125971291204691, "train_ratios": null, "test_auc": 0.8894257960886371, "test_time": 0.18992996215820312, "test_scores": null, "test_raios": null, "validation_auc": 0.8838058128671874, "validation_time": null, "validation_scores": null, "validation_raios": null}{"train_time": 774.1102621555328, "train_auc": 0.9118610729773806, "train_ratios": null, "test_auc": 0.8885535638788556, "test_time": 0.18711185455322266, "test_scores": null, "test_raios": null, "validation_auc": 0.8866585884803524, "validation_time": null, "validation_scores": null, "validation_raios": null}{"train_time": 760.4562771320343, "train_auc": 0.9130640828660019, "train_ratios": null, "test_auc": 0.8897434464488524, "test_time": 0.20030593872070312, "test_scores": null, "test_raios": null, "validation_auc": 0.8826210828636519, "validation_time": null, "validation_scores": null, "validation_raios": null}{"train_time": 763.3201057910919, "train_auc": 0.913956274410203, "train_ratios": null, "test_auc": 0.8908657790499611, "test_time": 0.19416093826293945, "test_scores": null, "test_raios": null, "validation_auc": 0.8841962839633439, "validation_time": null, "validation_scores": null, "validation_raios": null}{"train_time": 767.9325439929962, "train_auc": 0.9107205478603911, "train_ratios": null, "test_auc": 0.88960105520966, "test_time": 0.196397066116333, "test_scores": null, "test_raios": null, "validation_auc": 0.8850958952482981, "validation_time": null, "validation_scores": null, "validation_raios": null}