{"train_time": 246.38638472557068, "train_auc": 0.9269553898133551, "train_ratios": null, "test_auc": 0.8811999588355772, "test_time": 0.1900463104248047, "test_scores": null, "test_raios": null, "validation_auc": 0.8751328744756061, "validation_time": null, "validation_scores": null, "validation_raios": null}{"train_time": 339.4287540912628, "train_auc": 0.926247771434947, "train_ratios": null, "test_auc": 0.8769082707070043, "test_time": 0.20265698432922363, "test_scores": null, "test_raios": null, "validation_auc": 0.875047735301699, "validation_time": null, "validation_scores": null, "validation_raios": null}{"train_time": 456.406170129776, "train_auc": 0.9272581422843484, "train_ratios": null, "test_auc": 0.8774134234211772, "test_time": 0.19179701805114746, "test_scores": null, "test_raios": null, "validation_auc": 0.8738994938956498, "validation_time": null, "validation_scores": null, "validation_raios": null}