{"train_time": 54.76612210273743, "train_auc": 0.909429625222534, "train_ratios": null, "test_auc": 0.8707548048588871, "test_time": 0.21854782104492188, "test_scores": null, "test_raios": null, "validation_auc": 0.8641877266768312, "validation_time": null, "validation_scores": null, "validation_raios": null}{"train_time": 55.78023886680603, "train_auc": 0.9040413030284523, "train_ratios": null, "test_auc": 0.8580024619083211, "test_time": 0.2038111686706543, "test_scores": null, "test_raios": null, "validation_auc": 0.8530814931876953, "validation_time": null, "validation_scores": null, "validation_raios": null}{"train_time": 54.96236491203308, "train_auc": 0.9041831559987705, "train_ratios": null, "test_auc": 0.857803260052527, "test_time": 0.19623303413391113, "test_scores": null, "test_raios": null, "validation_auc": 0.8540686063324665, "validation_time": null, "validation_scores": null, "validation_raios": null}{"train_time": 54.21251320838928, "train_auc": 0.8834648749817998, "train_ratios": null, "test_auc": 0.8621727362087249, "test_time": 0.19672298431396484, "test_scores": null, "test_raios": null, "validation_auc": 0.856580293113537, "validation_time": null, "validation_scores": null, "validation_raios": null}{"train_time": 56.10910892486572, "train_auc": 0.9130800707266432, "train_ratios": null, "test_auc": 0.8639963042199369, "test_time": 0.1976759433746338, "test_scores": null, "test_raios": null, "validation_auc": 0.8553074173650603, "validation_time": null, "validation_scores": null, "validation_raios": null}{"train_time": 54.39952993392944, "train_auc": 0.8963909491750923, "train_ratios": null, "test_auc": 0.8647933689207548, "test_time": 0.21300578117370605, "test_scores": null, "test_raios": null, "validation_auc": 0.8551269299791424, "validation_time": null, "validation_scores": null, "validation_raios": null}{"train_time": 54.89477205276489, "train_auc": 0.9110691957572443, "train_ratios": null, "test_auc": 0.8588674372971948, "test_time": 0.20210480690002441, "test_scores": null, "test_raios": null, "validation_auc": 0.850207591756823, "validation_time": null, "validation_scores": null, "validation_raios": null}{"train_time": 55.49903106689453, "train_auc": 0.9019649945299956, "train_ratios": null, "test_auc": 0.8656678848011509, "test_time": 0.2051241397857666, "test_scores": null, "test_raios": null, "validation_auc": 0.8596888268157613, "validation_time": null, "validation_scores": null, "validation_raios": null}{"train_time": 54.942336082458496, "train_auc": 0.8889023352112984, "train_ratios": null, "test_auc": 0.8557913913309636, "test_time": 0.2081298828125, "test_scores": null, "test_raios": null, "validation_auc": 0.8485240609760276, "validation_time": null, "validation_scores": null, "validation_raios": null}{"train_time": 53.28885793685913, "train_auc": 0.8908372121946724, "train_ratios": null, "test_auc": 0.8580897585993063, "test_time": 0.1890721321105957, "test_scores": null, "test_raios": null, "validation_auc": 0.8450099301985955, "validation_time": null, "validation_scores": null, "validation_raios": null}