{"train_time": 15.776355028152466, "train_auc": 0.896348070044112, "train_ratios": null, "test_auc": 0.8143916683420658, "test_time": 0.1990950107574463, "test_scores": null, "test_raios": null, "validation_auc": 0.8120951080056099, "validation_time": null, "validation_scores": null, "validation_raios": null}{"train_time": 15.814419984817505, "train_auc": 0.8943195960155548, "train_ratios": null, "test_auc": 0.8081613905299548, "test_time": 0.19539213180541992, "test_scores": null, "test_raios": null, "validation_auc": 0.8051640544797057, "validation_time": null, "validation_scores": null, "validation_raios": null}{"train_time": 15.313740968704224, "train_auc": 0.8933382959983971, "train_ratios": null, "test_auc": 0.8013246987066627, "test_time": 0.18468594551086426, "test_scores": null, "test_raios": null, "validation_auc": 0.7932374341827012, "validation_time": null, "validation_scores": null, "validation_raios": null}{"train_time": 15.340294122695923, "train_auc": 0.8536431981845374, "train_ratios": null, "test_auc": 0.7954456048756501, "test_time": 0.18511724472045898, "test_scores": null, "test_raios": null, "validation_auc": 0.7915969665454319, "validation_time": null, "validation_scores": null, "validation_raios": null}{"train_time": 16.00104308128357, "train_auc": 0.8998925367042848, "train_ratios": null, "test_auc": 0.8059934285455114, "test_time": 0.2044370174407959, "test_scores": null, "test_raios": null, "validation_auc": 0.8057647248013695, "validation_time": null, "validation_scores": null, "validation_raios": null}{"train_time": 15.945266008377075, "train_auc": 0.9127761579335059, "train_ratios": null, "test_auc": 0.818307378351439, "test_time": 0.18714070320129395, "test_scores": null, "test_raios": null, "validation_auc": 0.8135453661237243, "validation_time": null, "validation_scores": null, "validation_raios": null}