{"train_time": 28.845435857772827, "train_auc": 0.890961945562974, "train_ratios": null, "test_auc": 0.8624794615523761, "test_time": 0.20440125465393066, "test_scores": null, "test_raios": null, "validation_auc": 0.8592963336010335, "validation_time": null, "validation_scores": null, "validation_raios": null}{"train_time": 28.390374898910522, "train_auc": 0.8950259641685987, "train_ratios": null, "test_auc": 0.857017539439071, "test_time": 0.19691705703735352, "test_scores": null, "test_raios": null, "validation_auc": 0.8552490180485789, "validation_time": null, "validation_scores": null, "validation_raios": null}{"train_time": 153.60007119178772, "train_auc": 0.9009234495322237, "train_ratios": null, "test_auc": 0.8727940272332362, "test_time": 0.21466326713562012, "test_scores": null, "test_raios": null, "validation_auc": 0.8659017941087386, "validation_time": null, "validation_scores": null, "validation_raios": null}{"train_time": 29.51175284385681, "train_auc": 0.8933518947107638, "train_ratios": null, "test_auc": 0.8622376656589517, "test_time": 0.20135903358459473, "test_scores": null, "test_raios": null, "validation_auc": 0.8575932388230588, "validation_time": null, "validation_scores": null, "validation_raios": null}{"train_time": 28.309467315673828, "train_auc": 0.8981233148717507, "train_ratios": null, "test_auc": 0.8656556230017882, "test_time": 0.19225788116455078, "test_scores": null, "test_raios": null, "validation_auc": 0.8635625142213469, "validation_time": null, "validation_scores": null, "validation_raios": null}{"train_time": 29.0202157497406, "train_auc": 0.8815625989626996, "train_ratios": null, "test_auc": 0.8626149672992162, "test_time": 0.20879411697387695, "test_scores": null, "test_raios": null, "validation_auc": 0.8605380873482853, "validation_time": null, "validation_scores": null, "validation_raios": null}{"train_time": 28.209343910217285, "train_auc": 0.8960185927330617, "train_ratios": null, "test_auc": 0.8670851504119359, "test_time": 0.18463587760925293, "test_scores": null, "test_raios": null, "validation_auc": 0.8618473665524135, "validation_time": null, "validation_scores": null, "validation_raios": null}{"train_time": 28.379354000091553, "train_auc": 0.8976712731469669, "train_ratios": null, "test_auc": 0.8678208663307381, "test_time": 0.19092416763305664, "test_scores": null, "test_raios": null, "validation_auc": 0.8658054348374418, "validation_time": null, "validation_scores": null, "validation_raios": null}{"train_time": 28.75784206390381, "train_auc": 0.8873063406835868, "train_ratios": null, "test_auc": 0.8620953964277132, "test_time": 0.19839000701904297, "test_scores": null, "test_raios": null, "validation_auc": 0.8551160451277267, "validation_time": null, "validation_scores": null, "validation_raios": null}{"train_time": 28.672651052474976, "train_auc": 0.8917507749156323, "train_ratios": null, "test_auc": 0.8660518517889814, "test_time": 0.19198894500732422, "test_scores": null, "test_raios": null, "validation_auc": 0.8610954124940958, "validation_time": null, "validation_scores": null, "validation_raios": null}