{"train_time": 30.87096619606018, "train_auc": 0.7624541622655866, "train_ratios": null, "test_auc": 0.7113018699575571, "test_time": 0.18661093711853027, "test_scores": null, "test_raios": null, "validation_auc": 0.7134735010939661, "validation_time": null, "validation_scores": null, "validation_raios": null}{"train_time": 31.00161576271057, "train_auc": 0.6595772333214667, "train_ratios": null, "test_auc": 0.7251650953279971, "test_time": 0.19220185279846191, "test_scores": null, "test_raios": null, "validation_auc": 0.7115372507233331, "validation_time": null, "validation_scores": null, "validation_raios": null}{"train_time": 30.911412954330444, "train_auc": 0.7332708180239604, "train_ratios": null, "test_auc": 0.74343339930604, "test_time": 0.18601179122924805, "test_scores": null, "test_raios": null, "validation_auc": 0.7365738457481126, "validation_time": null, "validation_scores": null, "validation_raios": null}{"train_time": 31.63551378250122, "train_auc": 0.7340707355483626, "train_ratios": null, "test_auc": 0.7084971219384623, "test_time": 0.19411897659301758, "test_scores": null, "test_raios": null, "validation_auc": 0.694223693248444, "validation_time": null, "validation_scores": null, "validation_raios": null}{"train_time": 30.615742921829224, "train_auc": 0.7732652903782612, "train_ratios": null, "test_auc": 0.7234608988379008, "test_time": 0.1853930950164795, "test_scores": null, "test_raios": null, "validation_auc": 0.7152400797523565, "validation_time": null, "validation_scores": null, "validation_raios": null}{"train_time": 30.316865921020508, "train_auc": 0.8596733585054177, "train_ratios": null, "test_auc": 0.7119135780529972, "test_time": 0.18365216255187988, "test_scores": null, "test_raios": null, "validation_auc": 0.7118383202324882, "validation_time": null, "validation_scores": null, "validation_raios": null}{"train_time": 31.768094778060913, "train_auc": 0.7646542850056552, "train_ratios": null, "test_auc": 0.7395827619736219, "test_time": 0.19697999954223633, "test_scores": null, "test_raios": null, "validation_auc": 0.7244713490276696, "validation_time": null, "validation_scores": null, "validation_raios": null}{"train_time": 30.567328929901123, "train_auc": 0.7747657879752367, "train_ratios": null, "test_auc": 0.7059809174255471, "test_time": 0.18310093879699707, "test_scores": null, "test_raios": null, "validation_auc": 0.7029790941675076, "validation_time": null, "validation_scores": null, "validation_raios": null}{"train_time": 30.45179581642151, "train_auc": 0.7923246688475757, "train_ratios": null, "test_auc": 0.7337297141884112, "test_time": 0.18311500549316406, "test_scores": null, "test_raios": null, "validation_auc": 0.7366726927573886, "validation_time": null, "validation_scores": null, "validation_raios": null}{"train_time": 31.598889112472534, "train_auc": 0.7881887130641168, "train_ratios": null, "test_auc": 0.7233906355182129, "test_time": 0.19742393493652344, "test_scores": null, "test_raios": null, "validation_auc": 0.7124393790137722, "validation_time": null, "validation_scores": null, "validation_raios": null}