{"train_time": 89.31923508644104, "train_auc": 0.8819251344977835, "train_ratios": null, "test_auc": 0.8627870091235427, "test_time": 0.20001626014709473, "test_scores": null, "test_raios": null, "validation_auc": 0.8531561386304893, "validation_time": null, "validation_scores": null, "validation_raios": null}{"train_time": 93.00401282310486, "train_auc": 0.8918484638035786, "train_ratios": null, "test_auc": 0.8634294420045799, "test_time": 0.21861505508422852, "test_scores": null, "test_raios": null, "validation_auc": 0.8565355351153661, "validation_time": null, "validation_scores": null, "validation_raios": null}{"train_time": 89.78226017951965, "train_auc": 0.8941207411727372, "train_ratios": null, "test_auc": 0.8575458842738644, "test_time": 0.20284104347229004, "test_scores": null, "test_raios": null, "validation_auc": 0.8490590257475292, "validation_time": null, "validation_scores": null, "validation_raios": null}{"train_time": 136.58754205703735, "train_auc": 0.9020594703114967, "train_ratios": null, "test_auc": 0.859775293177156, "test_time": 0.2237100601196289, "test_scores": null, "test_raios": null, "validation_auc": 0.8537379553571564, "validation_time": null, "validation_scores": null, "validation_raios": null}{"train_time": 137.0018379688263, "train_auc": 0.9117715570668874, "train_ratios": null, "test_auc": 0.8726142379038396, "test_time": 0.20305514335632324, "test_scores": null, "test_raios": null, "validation_auc": 0.8637325930179865, "validation_time": null, "validation_scores": null, "validation_raios": null}{"train_time": 137.36486291885376, "train_auc": 0.9142163614651164, "train_ratios": null, "test_auc": 0.8651970852830293, "test_time": 0.19618606567382812, "test_scores": null, "test_raios": null, "validation_auc": 0.8587163580665396, "validation_time": null, "validation_scores": null, "validation_raios": null}