{"train_time": 29.588361978530884, "train_auc": 0.9333613860116003, "train_ratios": null, "test_auc": 0.8653555789197841, "test_time": 0.1985337734222412, "test_scores": null, "test_raios": null, "validation_auc": 0.8640834917858351, "validation_time": null, "validation_scores": null, "validation_raios": null}{"train_time": 29.164494037628174, "train_auc": 0.9222519922140114, "train_ratios": null, "test_auc": 0.8630331707798378, "test_time": 0.18909120559692383, "test_scores": null, "test_raios": null, "validation_auc": 0.8599096740919568, "validation_time": null, "validation_scores": null, "validation_raios": null}{"train_time": 30.1338312625885, "train_auc": 0.9391571068331924, "train_ratios": null, "test_auc": 0.8596914206659194, "test_time": 0.20152497291564941, "test_scores": null, "test_raios": null, "validation_auc": 0.8590260215796237, "validation_time": null, "validation_scores": null, "validation_raios": null}