{"train_time": 77711.44403982162, "train_auc": 0.9120624053610655, "train_ratios": null, "test_auc": 0.8865658633415432, "test_time": 0.1808168888092041, "test_scores": null, "test_raios": null, "validation_auc": 0.8815032211284571, "validation_time": null, "validation_scores": null, "validation_raios": null}{"train_time": 88420.42785596848, "train_auc": 0.9110016176040932, "train_ratios": null, "test_auc": 0.8873754656857934, "test_time": 0.19316816329956055, "test_scores": null, "test_raios": null, "validation_auc": 0.8798805986875813, "validation_time": null, "validation_scores": null, "validation_raios": null}{"train_time": 79203.00198793411, "train_auc": 0.914046659954028, "train_ratios": null, "test_auc": 0.8870876011804005, "test_time": 0.18381571769714355, "test_scores": null, "test_raios": null, "validation_auc": 0.8813899558816298, "validation_time": null, "validation_scores": null, "validation_raios": null}{"train_time": 120570.33468174934, "train_auc": 0.9131490440769864, "train_ratios": null, "test_auc": 0.8854250730588933, "test_time": 1018.4788789749146, "test_scores": null, "test_raios": null, "validation_auc": 0.8823069946358516, "validation_time": null, "validation_scores": null, "validation_raios": null}{"train_time": 99734.36310982704, "train_auc": 0.9100335877255301, "train_ratios": null, "test_auc": 0.887204200999086, "test_time": 0.1955888271331787, "test_scores": null, "test_raios": null, "validation_auc": 0.8836895250852322, "validation_time": null, "validation_scores": null, "validation_raios": null}{"train_time": 92139.92483592033, "train_auc": 0.912751152368196, "train_ratios": null, "test_auc": 0.8897401548864452, "test_time": 0.1813039779663086, "test_scores": null, "test_raios": null, "validation_auc": 0.8832504060733373, "validation_time": null, "validation_scores": null, "validation_raios": null}{"train_time": 123967.70152616501, "train_auc": 0.9110212851603912, "train_ratios": null, "test_auc": 0.8871249939659109, "test_time": 0.19005584716796875, "test_scores": null, "test_raios": null, "validation_auc": 0.8813141583633866, "validation_time": null, "validation_scores": null, "validation_raios": null}{"train_time": 187368.70846700668, "train_auc": 0.9137926705150085, "train_ratios": null, "test_auc": 0.8871032155461474, "test_time": 0.20030689239501953, "test_scores": null, "test_raios": null, "validation_auc": 0.8793565506956832, "validation_time": null, "validation_scores": null, "validation_raios": null}{"train_time": 190384.01912999153, "train_auc": 0.9143688247555491, "train_ratios": null, "test_auc": 0.8894611067818915, "test_time": 0.17928719520568848, "test_scores": null, "test_raios": null, "validation_auc": 0.8823764331233238, "validation_time": null, "validation_scores": null, "validation_raios": null}{"train_time": 190384.01912999153, "train_auc": 0.9143688247555491, "train_ratios": null, "test_auc": 0.8894611067818915, "test_time": 0.17928719520568848, "test_scores": null, "test_raios": null, "validation_auc": 0.8823764331233238, "validation_time": null, "validation_scores": null, "validation_raios": null}