{"train_time": 31.91103196144104, "train_auc": 0.822562143253751, "train_ratios": null, "test_auc": 0.7728369740329942, "test_time": 0.18547511100769043, "test_scores": null, "test_raios": null, "validation_auc": 0.7597633817953561, "validation_time": null, "validation_scores": null, "validation_raios": null}{"train_time": 31.034950971603394, "train_auc": 0.785612881682637, "train_ratios": null, "test_auc": 0.7404942091311814, "test_time": 0.187330961227417, "test_scores": null, "test_raios": null, "validation_auc": 0.7339308702581053, "validation_time": null, "validation_scores": null, "validation_raios": null}{"train_time": 30.997375965118408, "train_auc": 0.8261360933029552, "train_ratios": null, "test_auc": 0.7635669767967395, "test_time": 0.18744683265686035, "test_scores": null, "test_raios": null, "validation_auc": 0.757274949377858, "validation_time": null, "validation_scores": null, "validation_raios": null}{"train_time": 30.186629056930542, "train_auc": 0.7014781276733912, "train_ratios": null, "test_auc": 0.70928343402526, "test_time": 0.1828773021697998, "test_scores": null, "test_raios": null, "validation_auc": 0.7146950230127735, "validation_time": null, "validation_scores": null, "validation_raios": null}{"train_time": 30.584002017974854, "train_auc": 0.82430279553617, "train_ratios": null, "test_auc": 0.7324657727904228, "test_time": 0.18514084815979004, "test_scores": null, "test_raios": null, "validation_auc": 0.7156720122612756, "validation_time": null, "validation_scores": null, "validation_raios": null}{"train_time": 30.095130920410156, "train_auc": 0.7642850349425134, "train_ratios": null, "test_auc": 0.7768028080926285, "test_time": 0.18269801139831543, "test_scores": null, "test_raios": null, "validation_auc": 0.7624998722872482, "validation_time": null, "validation_scores": null, "validation_raios": null}{"train_time": 567.5917019844055, "train_auc": 0.8282563061917743, "train_ratios": null, "test_auc": 0.7769076076202985, "test_time": 0.18757104873657227, "test_scores": null, "test_raios": null, "validation_auc": 0.7698742886133652, "validation_time": null, "validation_scores": null, "validation_raios": null}{"train_time": 30.820377826690674, "train_auc": 0.7517432709605034, "train_ratios": null, "test_auc": 0.703961927152764, "test_time": 0.1818392276763916, "test_scores": null, "test_raios": null, "validation_auc": 0.7020484619872573, "validation_time": null, "validation_scores": null, "validation_raios": null}{"train_time": 31.169265747070312, "train_auc": 0.8085421651761651, "train_ratios": null, "test_auc": 0.7248943384596125, "test_time": 0.19237399101257324, "test_scores": null, "test_raios": null, "validation_auc": 0.7250398783067759, "validation_time": null, "validation_scores": null, "validation_raios": null}{"train_time": 30.331696033477783, "train_auc": 0.7060005085302741, "train_ratios": null, "test_auc": 0.6569182037458564, "test_time": 0.1878511905670166, "test_scores": null, "test_raios": null, "validation_auc": 0.6584100975661569, "validation_time": null, "validation_scores": null, "validation_raios": null}