{"train_time": 15.776355028152466, "train_auc": 0.896348070044112, "train_ratios": null, "test_auc": 0.8143916683420658, "test_time": 0.1990950107574463, "test_scores": null, "test_raios": null, "validation_auc": 0.8120951080056099, "validation_time": null, "validation_scores": null, "validation_raios": null}{"train_time": 15.814419984817505, "train_auc": 0.8943195960155548, "train_ratios": null, "test_auc": 0.8081613905299548, "test_time": 0.19539213180541992, "test_scores": null, "test_raios": null, "validation_auc": 0.8051640544797057, "validation_time": null, "validation_scores": null, "validation_raios": null}{"train_time": 15.313740968704224, "train_auc": 0.8933382959983971, "train_ratios": null, "test_auc": 0.8013246987066627, "test_time": 0.18468594551086426, "test_scores": null, "test_raios": null, "validation_auc": 0.7932374341827012, "validation_time": null, "validation_scores": null, "validation_raios": null}