{"train_time": 801.3680760860443, "train_auc": 0.9061189886152361, "train_ratios": null, "test_auc": 0.8907881130302903, "test_time": 0.22202181816101074, "test_scores": null, "test_raios": null, "validation_auc": 0.884201671845064, "validation_time": null, "validation_scores": null, "validation_raios": null}{"train_time": 3195.9299490451813, "train_auc": 0.906983446512704, "train_ratios": null, "test_auc": 0.8892877732646622, "test_time": 0.2334458827972412, "test_scores": null, "test_raios": null, "validation_auc": 0.8864734635251315, "validation_time": null, "validation_scores": null, "validation_raios": null}{"train_time": 731.6614038944244, "train_auc": 0.9069465623414084, "train_ratios": null, "test_auc": 0.8905466592896059, "test_time": 0.2570040225982666, "test_scores": null, "test_raios": null, "validation_auc": 0.8870419715187793, "validation_time": null, "validation_scores": null, "validation_raios": null}{"train_time": 1641.5635540485382, "train_auc": 0.9068964393122311, "train_ratios": null, "test_auc": 0.8906393932915784, "test_time": 0.4221057891845703, "test_scores": null, "test_raios": null, "validation_auc": 0.885286296336581, "validation_time": null, "validation_scores": null, "validation_raios": null}{"train_time": 1975.425316810608, "train_auc": 0.9071289602833282, "train_ratios": null, "test_auc": 0.8928266723179337, "test_time": 0.2504580020904541, "test_scores": null, "test_raios": null, "validation_auc": 0.8881649045144968, "validation_time": null, "validation_scores": null, "validation_raios": null}{"train_time": 788.465423822403, "train_auc": 0.9090568614548507, "train_ratios": null, "test_auc": 0.8928946890998624, "test_time": 0.284041166305542, "test_scores": null, "test_raios": null, "validation_auc": 0.8866865362875562, "validation_time": null, "validation_scores": null, "validation_raios": null}{"train_time": 725.1376802921295, "train_auc": 0.9069023237584395, "train_ratios": null, "test_auc": 0.8915501694053917, "test_time": 0.24446582794189453, "test_scores": null, "test_raios": null, "validation_auc": 0.886272829452604, "validation_time": null, "validation_scores": null, "validation_raios": null}{"train_time": 759.6969568729401, "train_auc": 0.9060819903346499, "train_ratios": null, "test_auc": 0.8896317296006679, "test_time": 0.4385840892791748, "test_scores": null, "test_raios": null, "validation_auc": 0.8852273914904568, "validation_time": null, "validation_scores": null, "validation_raios": null}{"train_time": 750.3062410354614, "train_auc": 0.9066072085342606, "train_ratios": null, "test_auc": 0.8877852904028013, "test_time": 0.21805429458618164, "test_scores": null, "test_raios": null, "validation_auc": 0.8846188349063642, "validation_time": null, "validation_scores": null, "validation_raios": null}{"train_time": 610.601744890213, "train_auc": 0.9058537945379703, "train_ratios": null, "test_auc": 0.8880629168494577, "test_time": 0.18630599975585938, "test_scores": null, "test_raios": null, "validation_auc": 0.8846241243428381, "validation_time": null, "validation_scores": null, "validation_raios": null}