{"train_time": 59.289615869522095, "train_auc": 0.6285078205937291, "train_ratios": null, "test_auc": 0.47236577666284907, "test_time": 0.19573116302490234, "test_scores": null, "test_raios": null, "validation_auc": 0.46364456168238566, "validation_time": null, "validation_scores": null, "validation_raios": null}{"train_time": 58.77832293510437, "train_auc": 0.6167217721776679, "train_ratios": null, "test_auc": 0.4677225809668653, "test_time": 0.18982720375061035, "test_scores": null, "test_raios": null, "validation_auc": 0.47705599703961843, "validation_time": null, "validation_scores": null, "validation_raios": null}{"train_time": 59.410808086395264, "train_auc": 0.6197295355514458, "train_ratios": null, "test_auc": 0.4535335121368739, "test_time": 0.18905925750732422, "test_scores": null, "test_raios": null, "validation_auc": 0.4428415273125427, "validation_time": null, "validation_scores": null, "validation_raios": null}{"train_time": 2.8464949131011963, "train_auc": 0.4844955571795983, "train_ratios": null, "test_auc": 0.5037603381848292, "test_time": 0.18885111808776855, "test_scores": null, "test_raios": null, "validation_auc": 0.5090517956093633, "validation_time": null, "validation_scores": null, "validation_raios": null}{"train_time": 2.832406759262085, "train_auc": 0.49280877678714297, "train_ratios": null, "test_auc": 0.5103683632314708, "test_time": 0.18297791481018066, "test_scores": null, "test_raios": null, "validation_auc": 0.5292832755042898, "validation_time": null, "validation_scores": null, "validation_raios": null}{"train_time": 2.9173660278320312, "train_auc": 0.5080509531791274, "train_ratios": null, "test_auc": 0.45108782026424804, "test_time": 0.18584227561950684, "test_scores": null, "test_raios": null, "validation_auc": 0.4437723590439679, "validation_time": null, "validation_scores": null, "validation_raios": null}{"train_time": 2.811523199081421, "train_auc": 0.4978666681321835, "train_ratios": null, "test_auc": 0.4847992438689678, "test_time": 0.1818840503692627, "test_scores": null, "test_raios": null, "validation_auc": 0.5013915953940822, "validation_time": null, "validation_scores": null, "validation_raios": null}{"train_time": 2.7803280353546143, "train_auc": 0.4930768395177492, "train_ratios": null, "test_auc": 0.553329917994741, "test_time": 0.1768341064453125, "test_scores": null, "test_raios": null, "validation_auc": 0.5458542232372074, "validation_time": null, "validation_scores": null, "validation_raios": null}{"train_time": 2.7756519317626953, "train_auc": 0.49558593274530316, "train_ratios": null, "test_auc": 0.577081150672927, "test_time": 0.17490386962890625, "test_scores": null, "test_raios": null, "validation_auc": 0.5640836727122336, "validation_time": null, "validation_scores": null, "validation_raios": null}{"train_time": 3.2472989559173584, "train_auc": 0.4983068105004303, "train_ratios": null, "test_auc": 0.47540543773536265, "test_time": 0.1873459815979004, "test_scores": null, "test_raios": null, "validation_auc": 0.48816343581785016, "validation_time": null, "validation_scores": null, "validation_raios": null}{"train_time": 4.0971739292144775, "train_auc": 0.5034864694006156, "train_ratios": null, "test_auc": 0.5186481969611532, "test_time": 0.2701709270477295, "test_scores": null, "test_raios": null, "validation_auc": 0.520835566532703, "validation_time": null, "validation_scores": null, "validation_raios": null}{"train_time": 3.3724300861358643, "train_auc": 0.5158637763132197, "train_ratios": null, "test_auc": 0.5076679267082307, "test_time": 0.18579697608947754, "test_scores": null, "test_raios": null, "validation_auc": 0.4963414660104218, "validation_time": null, "validation_scores": null, "validation_raios": null}{"train_time": 3.825551986694336, "train_auc": 0.4962191375868483, "train_ratios": null, "test_auc": 0.5598667991425493, "test_time": 0.2281332015991211, "test_scores": null, "test_raios": null, "validation_auc": 0.5749850815541706, "validation_time": null, "validation_scores": null, "validation_raios": null}{"train_time": 3.363609790802002, "train_auc": 0.52021810483915, "train_ratios": null, "test_auc": 0.4878648687645315, "test_time": 0.1866319179534912, "test_scores": null, "test_raios": null, "validation_auc": 0.4815222396857585, "validation_time": null, "validation_scores": null, "validation_raios": null}{"train_time": 2.8642189502716064, "train_auc": 0.5085345878284528, "train_ratios": null, "test_auc": 0.524272119113713, "test_time": 0.19009828567504883, "test_scores": null, "test_raios": null, "validation_auc": 0.5278740690538593, "validation_time": null, "validation_scores": null, "validation_raios": null}{"train_time": 2.800302028656006, "train_auc": 0.5119627784534464, "train_ratios": null, "test_auc": 0.49594878954848043, "test_time": 0.17827391624450684, "test_scores": null, "test_raios": null, "validation_auc": 0.4911154229537703, "validation_time": null, "validation_scores": null, "validation_raios": null}{"train_time": 2.8531391620635986, "train_auc": 0.486760584152151, "train_ratios": null, "test_auc": 0.5207552451484598, "test_time": 0.1893157958984375, "test_scores": null, "test_raios": null, "validation_auc": 0.5151498506931502, "validation_time": null, "validation_scores": null, "validation_raios": null}