{"train_time": 777.0203788280487, "train_auc": 0.8846983764970978, "train_ratios": null, "test_auc": 0.8903948946567413, "test_time": 0.20278215408325195, "test_scores": null, "test_raios": null, "validation_auc": 0.8854642986452018, "validation_time": null, "validation_scores": null, "validation_raios": null}{"train_time": 853.5786490440369, "train_auc": 0.8844485569781593, "train_ratios": null, "test_auc": 0.8891638290976239, "test_time": 0.1892857551574707, "test_scores": null, "test_raios": null, "validation_auc": 0.882956185160502, "validation_time": null, "validation_scores": null, "validation_raios": null}{"train_time": 803.7808611392975, "train_auc": 0.88729351954313, "train_ratios": null, "test_auc": 0.8922516620931366, "test_time": 0.2029891014099121, "test_scores": null, "test_raios": null, "validation_auc": 0.8883660281525734, "validation_time": null, "validation_scores": null, "validation_raios": null}