{"train_time": 616.5747220516205, "train_auc": 0.9074466352984674, "train_ratios": null, "test_auc": 0.8905859405460546, "test_time": 0.18349885940551758, "test_scores": null, "test_raios": null, "validation_auc": 0.8849058906016825, "validation_time": null, "validation_scores": null, "validation_raios": null}{"train_time": 620.1824910640717, "train_auc": 0.9063410387814629, "train_ratios": null, "test_auc": 0.8905521416904892, "test_time": 0.19858813285827637, "test_scores": null, "test_raios": null, "validation_auc": 0.8863831679488672, "validation_time": null, "validation_scores": null, "validation_raios": null}{"train_time": 646.422641992569, "train_auc": 0.9063519301525479, "train_ratios": null, "test_auc": 0.8935661572215712, "test_time": 0.2031102180480957, "test_scores": null, "test_raios": null, "validation_auc": 0.8884085352134922, "validation_time": null, "validation_scores": null, "validation_raios": null}{"train_time": 610.4704010486603, "train_auc": 0.9064880330703727, "train_ratios": null, "test_auc": 0.8923051174910072, "test_time": 0.18726801872253418, "test_scores": null, "test_raios": null, "validation_auc": 0.8861686637393485, "validation_time": null, "validation_scores": null, "validation_raios": null}{"train_time": 615.8393788337708, "train_auc": 0.9065704493695171, "train_ratios": null, "test_auc": 0.8919208454832922, "test_time": 0.20380902290344238, "test_scores": null, "test_raios": null, "validation_auc": 0.8880903069639848, "validation_time": null, "validation_scores": null, "validation_raios": null}{"train_time": 16561.26885509491, "train_auc": 0.9067627672158338, "train_ratios": null, "test_auc": 0.8913467078805999, "test_time": 0.19336295127868652, "test_scores": null, "test_raios": null, "validation_auc": 0.8860393652207951, "validation_time": null, "validation_scores": null, "validation_raios": null}{"train_time": 4113.647124290466, "train_auc": 0.9071019432053352, "train_ratios": null, "test_auc": 0.892196153778825, "test_time": 0.19102692604064941, "test_scores": null, "test_raios": null, "validation_auc": 0.8869365446420988, "validation_time": null, "validation_scores": null, "validation_raios": null}{"train_time": 2283.68154501915, "train_auc": 0.9066305736278596, "train_ratios": null, "test_auc": 0.8917911006337518, "test_time": 0.18570709228515625, "test_scores": null, "test_raios": null, "validation_auc": 0.8864535137290145, "validation_time": null, "validation_scores": null, "validation_raios": null}{"train_time": 9400.62265920639, "train_auc": 0.9070719248128265, "train_ratios": null, "test_auc": 0.8884047672220858, "test_time": 0.18926596641540527, "test_scores": null, "test_raios": null, "validation_auc": 0.8846718516624901, "validation_time": null, "validation_scores": null, "validation_raios": null}{"train_time": 16487.745939016342, "train_auc": 0.9058253794344113, "train_ratios": null, "test_auc": 0.8904797962785451, "test_time": 0.18827509880065918, "test_scores": null, "test_raios": null, "validation_auc": 0.8854939891993328, "validation_time": null, "validation_scores": null, "validation_raios": null}